web-scraper-order,web-scraper-start-url,name,rating,name-link,name-link-href,price-food,name-food
"1616630396-263","https://www.rappi.com.mx/restaurantes/category/pizza","Benedetti's","4.5","Benedetti's  4.5  Pizza  33 min  Cargo adicional por servicio ¡90% OFF EN TODO! MÍN. $100 RappiCard","https://www.rappi.com.mx/restaurantes/1306705505","258","Súper Pizza Chuleta Delice Especial"
"1616630380-176","https://www.rappi.com.mx/restaurantes/category/pizza","Rock N Pizza Corregidora","null","Rock N Pizza Corregidora  Pizza  32 min  Cargo adicional por servicio ¡90% OFF EN TODO! MÍN. $100 RappiCard","https://www.rappi.com.mx/restaurantes/1923258191","50","Papas a la Francesa"
"1616630364-52","https://www.rappi.com.mx/restaurantes/category/pizza","Martinica","null","Martinica  Pizza  31 min  Cargo adicional por servicio ¡90% OFF EN TODO! MÍN. $100 RappiCard","https://www.rappi.com.mx/restaurantes/1923251867","165","Ensalada Griega"
"1616630353-6","https://www.rappi.com.mx/restaurantes/category/pizza","La Neta Alas y Chelas","null","La Neta Alas y Chelas  Pizza  32 min  Cargo adicional por servicio ¡90% OFF EN TODO! MÍN. $100 RappiCard","https://www.rappi.com.mx/restaurantes/1923251333","105","Aros de cebolla"
"1616630386-212","https://www.rappi.com.mx/restaurantes/category/pizza","Piacere Italiano","null","Piacere Italiano  Pizza ,  Italiana  36 min ¡90% OFF EN TODO! MÍN. $100 RappiCard","https://www.rappi.com.mx/restaurantes/1923275006","165","Pasta Quattro Formaggi"
"1616630375-137","https://www.rappi.com.mx/restaurantes/category/pizza","Mi Piace Pizza Qro","null","Mi Piace Pizza Qro  Pizza ,  Italiana  30 min ¡90% OFF EN TODO! MÍN. $100 RappiCard","https://www.rappi.com.mx/restaurantes/1923261931","25","Fresa con Mango (500 Ml)"
"1616630396-270","https://www.rappi.com.mx/restaurantes/category/pizza","Benedetti's","4.5","Benedetti's  4.5  Pizza  33 min  Cargo adicional por servicio ¡90% OFF EN TODO! MÍN. $100 RappiCard","https://www.rappi.com.mx/restaurantes/1306705505","27","Manzanita Sol 600 ml"
"1616630375-101","https://www.rappi.com.mx/restaurantes/category/pizza","Mi Piace Pizza Qro","null","Mi Piace Pizza Qro  Pizza ,  Italiana  30 min ¡90% OFF EN TODO! MÍN. $100 RappiCard","https://www.rappi.com.mx/restaurantes/1923261931","90","Pizza Mi Creación"
"1616630353-34","https://www.rappi.com.mx/restaurantes/category/pizza","La Neta Alas y Chelas","null","La Neta Alas y Chelas  Pizza  32 min  Cargo adicional por servicio ¡90% OFF EN TODO! MÍN. $100 RappiCard","https://www.rappi.com.mx/restaurantes/1923251333","40","Ciel Natural 600 ml"
"1616630396-262","https://www.rappi.com.mx/restaurantes/category/pizza","Benedetti's","4.5","Benedetti's  4.5  Pizza  33 min  Cargo adicional por servicio ¡90% OFF EN TODO! MÍN. $100 RappiCard","https://www.rappi.com.mx/restaurantes/1306705505","258","Súper Pizza Mexicana Especial"
"1616630353-12","https://www.rappi.com.mx/restaurantes/category/pizza","La Neta Alas y Chelas","null","La Neta Alas y Chelas  Pizza  32 min  Cargo adicional por servicio ¡90% OFF EN TODO! MÍN. $100 RappiCard","https://www.rappi.com.mx/restaurantes/1923251333","185","Ensalada Campesina"
"1616630375-126","https://www.rappi.com.mx/restaurantes/category/pizza","Mi Piace Pizza Qro","null","Mi Piace Pizza Qro  Pizza ,  Italiana  30 min ¡90% OFF EN TODO! MÍN. $100 RappiCard","https://www.rappi.com.mx/restaurantes/1923261931","25","Piña con Hierbabuena (500 Ml)"
"1616630380-174","https://www.rappi.com.mx/restaurantes/category/pizza","Rock N Pizza Corregidora","null","Rock N Pizza Corregidora  Pizza  32 min  Cargo adicional por servicio ¡90% OFF EN TODO! MÍN. $100 RappiCard","https://www.rappi.com.mx/restaurantes/1923258191","110","Milanesa Napolitana"
"1616630353-27","https://www.rappi.com.mx/restaurantes/category/pizza","La Neta Alas y Chelas","null","La Neta Alas y Chelas  Pizza  32 min  Cargo adicional por servicio ¡90% OFF EN TODO! MÍN. $100 RappiCard","https://www.rappi.com.mx/restaurantes/1923251333","155","Jocho Especial Jumbo"
"1616630386-225","https://www.rappi.com.mx/restaurantes/category/pizza","Piacere Italiano","null","Piacere Italiano  Pizza ,  Italiana  36 min ¡90% OFF EN TODO! MÍN. $100 RappiCard","https://www.rappi.com.mx/restaurantes/1923275006","80","Funghi Trifolati"
"1616630353-17","https://www.rappi.com.mx/restaurantes/category/pizza","La Neta Alas y Chelas","null","La Neta Alas y Chelas  Pizza  32 min  Cargo adicional por servicio ¡90% OFF EN TODO! MÍN. $100 RappiCard","https://www.rappi.com.mx/restaurantes/1923251333","185","Hamburguesa Doble de Res"
"1616630375-115","https://www.rappi.com.mx/restaurantes/category/pizza","Mi Piace Pizza Qro","null","Mi Piace Pizza Qro  Pizza ,  Italiana  30 min ¡90% OFF EN TODO! MÍN. $100 RappiCard","https://www.rappi.com.mx/restaurantes/1923261931","45","Limón con Chia (1 Litro)"
"1616630364-63","https://www.rappi.com.mx/restaurantes/category/pizza","Martinica","null","Martinica  Pizza  31 min  Cargo adicional por servicio ¡90% OFF EN TODO! MÍN. $100 RappiCard","https://www.rappi.com.mx/restaurantes/1923251867","212","Pizza Dulce"
"1616630375-134","https://www.rappi.com.mx/restaurantes/category/pizza","Mi Piace Pizza Qro","null","Mi Piace Pizza Qro  Pizza ,  Italiana  30 min ¡90% OFF EN TODO! MÍN. $100 RappiCard","https://www.rappi.com.mx/restaurantes/1923261931","35","Fresa con Kiwi (500 Ml)"
"1616630396-274","https://www.rappi.com.mx/restaurantes/category/pizza","Benedetti's","4.5","Benedetti's  4.5  Pizza  33 min  Cargo adicional por servicio ¡90% OFF EN TODO! MÍN. $100 RappiCard","https://www.rappi.com.mx/restaurantes/1306705505","64","Manzanita Sol 2 L"
"1616630391-244","https://www.rappi.com.mx/restaurantes/category/pizza","Zapata Pizza","4.8","Zapata Pizza  4.8  Pizza  40 min  Cargo adicional por servicio ¡90% OFF EN TODO! MÍN. $100 RappiCard","https://www.rappi.com.mx/restaurantes/1923240339","53","Coca-Cola Original 2 L"
"1616630386-211","https://www.rappi.com.mx/restaurantes/category/pizza","Piacere Italiano","null","Piacere Italiano  Pizza ,  Italiana  36 min ¡90% OFF EN TODO! MÍN. $100 RappiCard","https://www.rappi.com.mx/restaurantes/1923275006","175","Pasta al Pesto"
"1616630375-133","https://www.rappi.com.mx/restaurantes/category/pizza","Mi Piace Pizza Qro","null","Mi Piace Pizza Qro  Pizza ,  Italiana  30 min ¡90% OFF EN TODO! MÍN. $100 RappiCard","https://www.rappi.com.mx/restaurantes/1923261931","45","Fresa (1 Litro)"
"1616630386-223","https://www.rappi.com.mx/restaurantes/category/pizza","Piacere Italiano","null","Piacere Italiano  Pizza ,  Italiana  36 min ¡90% OFF EN TODO! MÍN. $100 RappiCard","https://www.rappi.com.mx/restaurantes/1923275006","80","Verdure al Burro"
"1616630359-49","https://www.rappi.com.mx/restaurantes/category/pizza","Nápoles Artesanal Pizzería","null","Nápoles Artesanal Pizzería  Pizza  28 min  Cargo adicional por servicio ¡90% OFF EN TODO! MÍN. $100 RappiCard","https://www.rappi.com.mx/restaurantes/1923249129","254","Pizza Mediterranea"
"1616630364-56","https://www.rappi.com.mx/restaurantes/category/pizza","Martinica","null","Martinica  Pizza  31 min  Cargo adicional por servicio ¡90% OFF EN TODO! MÍN. $100 RappiCard","https://www.rappi.com.mx/restaurantes/1923251867","218","Tagliatelle a la Boscaiola"
"1616630386-185","https://www.rappi.com.mx/restaurantes/category/pizza","Piacere Italiano","null","Piacere Italiano  Pizza ,  Italiana  36 min ¡90% OFF EN TODO! MÍN. $100 RappiCard","https://www.rappi.com.mx/restaurantes/1923275006","140","Insalata Caprese"
"1616630380-172","https://www.rappi.com.mx/restaurantes/category/pizza","Rock N Pizza Corregidora","null","Rock N Pizza Corregidora  Pizza  32 min  Cargo adicional por servicio ¡90% OFF EN TODO! MÍN. $100 RappiCard","https://www.rappi.com.mx/restaurantes/1923258191","110","Hamburguesa Sencilla"
"1616630380-156","https://www.rappi.com.mx/restaurantes/category/pizza","Rock N Pizza Corregidora","null","Rock N Pizza Corregidora  Pizza  32 min  Cargo adicional por servicio ¡90% OFF EN TODO! MÍN. $100 RappiCard","https://www.rappi.com.mx/restaurantes/1923258191","75","Cuatro Quesos"
"1616630380-171","https://www.rappi.com.mx/restaurantes/category/pizza","Rock N Pizza Corregidora","null","Rock N Pizza Corregidora  Pizza  32 min  Cargo adicional por servicio ¡90% OFF EN TODO! MÍN. $100 RappiCard","https://www.rappi.com.mx/restaurantes/1923258191","100","Calzone de Pepperoni"
"1616630375-87","https://www.rappi.com.mx/restaurantes/category/pizza","Mi Piace Pizza Qro","null","Mi Piace Pizza Qro  Pizza ,  Italiana  30 min ¡90% OFF EN TODO! MÍN. $100 RappiCard","https://www.rappi.com.mx/restaurantes/1923261931","85","Penne al Coriandolo"
"1616630375-89","https://www.rappi.com.mx/restaurantes/category/pizza","Mi Piace Pizza Qro","null","Mi Piace Pizza Qro  Pizza ,  Italiana  30 min ¡90% OFF EN TODO! MÍN. $100 RappiCard","https://www.rappi.com.mx/restaurantes/1923261931","85","Fetuccinni al Burro"
"1616630375-111","https://www.rappi.com.mx/restaurantes/category/pizza","Mi Piace Pizza Qro","null","Mi Piace Pizza Qro  Pizza ,  Italiana  30 min ¡90% OFF EN TODO! MÍN. $100 RappiCard","https://www.rappi.com.mx/restaurantes/1923261931","20","Boing Mango 500 ml"
"1616630375-145","https://www.rappi.com.mx/restaurantes/category/pizza","Mi Piace Pizza Qro","null","Mi Piace Pizza Qro  Pizza ,  Italiana  30 min ¡90% OFF EN TODO! MÍN. $100 RappiCard","https://www.rappi.com.mx/restaurantes/1923261931","150","Panini Jmaón Serrano"
"1616630380-179","https://www.rappi.com.mx/restaurantes/category/pizza","Rock N Pizza Corregidora","null","Rock N Pizza Corregidora  Pizza  32 min  Cargo adicional por servicio ¡90% OFF EN TODO! MÍN. $100 RappiCard","https://www.rappi.com.mx/restaurantes/1923258191","25","Mirinda Naranja 355 ml"
"1616630386-186","https://www.rappi.com.mx/restaurantes/category/pizza","Piacere Italiano","null","Piacere Italiano  Pizza ,  Italiana  36 min ¡90% OFF EN TODO! MÍN. $100 RappiCard","https://www.rappi.com.mx/restaurantes/1923275006","160","Insalata di Pere"
"1616630386-202","https://www.rappi.com.mx/restaurantes/category/pizza","Piacere Italiano","null","Piacere Italiano  Pizza ,  Italiana  36 min ¡90% OFF EN TODO! MÍN. $100 RappiCard","https://www.rappi.com.mx/restaurantes/1923275006","150","Pizza Funghi"
"1616630369-79","https://www.rappi.com.mx/restaurantes/category/pizza","Patricio´s","null","Patricio´s  Pizza  31 min ¡90% OFF EN TODO! MÍN. $100 RappiCard","https://www.rappi.com.mx/restaurantes/1923297582","30","Jugo de 1L"
"1616630375-90","https://www.rappi.com.mx/restaurantes/category/pizza","Mi Piace Pizza Qro","null","Mi Piace Pizza Qro  Pizza ,  Italiana  30 min ¡90% OFF EN TODO! MÍN. $100 RappiCard","https://www.rappi.com.mx/restaurantes/1923261931","100","Spaghetti Alla Carbonara"
"1616630364-66","https://www.rappi.com.mx/restaurantes/category/pizza","Martinica","null","Martinica  Pizza  31 min  Cargo adicional por servicio ¡90% OFF EN TODO! MÍN. $100 RappiCard","https://www.rappi.com.mx/restaurantes/1923251867","45","Fuze Tea Negro Limón 600 ml"
"1616630380-170","https://www.rappi.com.mx/restaurantes/category/pizza","Rock N Pizza Corregidora","null","Rock N Pizza Corregidora  Pizza  32 min  Cargo adicional por servicio ¡90% OFF EN TODO! MÍN. $100 RappiCard","https://www.rappi.com.mx/restaurantes/1923258191","120","Calzone de Jamón Serrano"
"1616630386-222","https://www.rappi.com.mx/restaurantes/category/pizza","Piacere Italiano","null","Piacere Italiano  Pizza ,  Italiana  36 min ¡90% OFF EN TODO! MÍN. $100 RappiCard","https://www.rappi.com.mx/restaurantes/1923275006","80","Puré di Patate"
"1616630380-161","https://www.rappi.com.mx/restaurantes/category/pizza","Rock N Pizza Corregidora","null","Rock N Pizza Corregidora  Pizza  32 min  Cargo adicional por servicio ¡90% OFF EN TODO! MÍN. $100 RappiCard","https://www.rappi.com.mx/restaurantes/1923258191","96","Mexicana"
"1616630359-41","https://www.rappi.com.mx/restaurantes/category/pizza","Nápoles Artesanal Pizzería","null","Nápoles Artesanal Pizzería  Pizza  28 min  Cargo adicional por servicio ¡90% OFF EN TODO! MÍN. $100 RappiCard","https://www.rappi.com.mx/restaurantes/1923249129","192","Pizza Carnes"
"1616630353-13","https://www.rappi.com.mx/restaurantes/category/pizza","La Neta Alas y Chelas","null","La Neta Alas y Chelas  Pizza  32 min  Cargo adicional por servicio ¡90% OFF EN TODO! MÍN. $100 RappiCard","https://www.rappi.com.mx/restaurantes/1923251333","165","Ensalada César"
"1616630386-233","https://www.rappi.com.mx/restaurantes/category/pizza","Piacere Italiano","null","Piacere Italiano  Pizza ,  Italiana  36 min ¡90% OFF EN TODO! MÍN. $100 RappiCard","https://www.rappi.com.mx/restaurantes/1923275006","490","Pasta Piacere Italiano"
"1616630375-98","https://www.rappi.com.mx/restaurantes/category/pizza","Mi Piace Pizza Qro","null","Mi Piace Pizza Qro  Pizza ,  Italiana  30 min ¡90% OFF EN TODO! MÍN. $100 RappiCard","https://www.rappi.com.mx/restaurantes/1923261931","135","Pizza Pepperoni y Champiñones."
"1616630391-238","https://www.rappi.com.mx/restaurantes/category/pizza","Zapata Pizza","4.8","Zapata Pizza  4.8  Pizza  40 min  Cargo adicional por servicio ¡90% OFF EN TODO! MÍN. $100 RappiCard","https://www.rappi.com.mx/restaurantes/1923240339","48","Sidral Mundet 2 L"
"1616630396-254","https://www.rappi.com.mx/restaurantes/category/pizza","Benedetti's","4.5","Benedetti's  4.5  Pizza  33 min  Cargo adicional por servicio ¡90% OFF EN TODO! MÍN. $100 RappiCard","https://www.rappi.com.mx/restaurantes/1306705505","145","Pizza Chicago Especial"
"1616630396-255","https://www.rappi.com.mx/restaurantes/category/pizza","Benedetti's","4.5","Benedetti's  4.5  Pizza  33 min  Cargo adicional por servicio ¡90% OFF EN TODO! MÍN. $100 RappiCard","https://www.rappi.com.mx/restaurantes/1306705505","145","Pizza Vegetalia Especial"
"1616630396-267","https://www.rappi.com.mx/restaurantes/category/pizza","Benedetti's","4.5","Benedetti's  4.5  Pizza  33 min  Cargo adicional por servicio ¡90% OFF EN TODO! MÍN. $100 RappiCard","https://www.rappi.com.mx/restaurantes/1306705505","52","Brownie"
"1616630375-140","https://www.rappi.com.mx/restaurantes/category/pizza","Mi Piace Pizza Qro","null","Mi Piace Pizza Qro  Pizza ,  Italiana  30 min ¡90% OFF EN TODO! MÍN. $100 RappiCard","https://www.rappi.com.mx/restaurantes/1923261931","45","Fresa con Hierbabuena (1 Litro)"
"1616630375-129","https://www.rappi.com.mx/restaurantes/category/pizza","Mi Piace Pizza Qro","null","Mi Piace Pizza Qro  Pizza ,  Italiana  30 min ¡90% OFF EN TODO! MÍN. $100 RappiCard","https://www.rappi.com.mx/restaurantes/1923261931","45","Guayaba (1 Litro)"
"1616630386-219","https://www.rappi.com.mx/restaurantes/category/pizza","Piacere Italiano","null","Piacere Italiano  Pizza ,  Italiana  36 min ¡90% OFF EN TODO! MÍN. $100 RappiCard","https://www.rappi.com.mx/restaurantes/1923275006","290","Arrachera"
"1616630375-95","https://www.rappi.com.mx/restaurantes/category/pizza","Mi Piace Pizza Qro","null","Mi Piace Pizza Qro  Pizza ,  Italiana  30 min ¡90% OFF EN TODO! MÍN. $100 RappiCard","https://www.rappi.com.mx/restaurantes/1923261931","125","Pizza Vegetariana"
"1616630353-19","https://www.rappi.com.mx/restaurantes/category/pizza","La Neta Alas y Chelas","null","La Neta Alas y Chelas  Pizza  32 min  Cargo adicional por servicio ¡90% OFF EN TODO! MÍN. $100 RappiCard","https://www.rappi.com.mx/restaurantes/1923251333","195","Hamburguesa Chili Bean"
"1616630386-190","https://www.rappi.com.mx/restaurantes/category/pizza","Piacere Italiano","null","Piacere Italiano  Pizza ,  Italiana  36 min ¡90% OFF EN TODO! MÍN. $100 RappiCard","https://www.rappi.com.mx/restaurantes/1923275006","170","Calamari Fritti"
"1616630396-253","https://www.rappi.com.mx/restaurantes/category/pizza","Benedetti's","4.5","Benedetti's  4.5  Pizza  33 min  Cargo adicional por servicio ¡90% OFF EN TODO! MÍN. $100 RappiCard","https://www.rappi.com.mx/restaurantes/1306705505","145","Pizza Festiva Especial"
"1616630375-103","https://www.rappi.com.mx/restaurantes/category/pizza","Mi Piace Pizza Qro","null","Mi Piace Pizza Qro  Pizza ,  Italiana  30 min ¡90% OFF EN TODO! MÍN. $100 RappiCard","https://www.rappi.com.mx/restaurantes/1923261931","25","Sangría de la Casa"
"1616630396-249","https://www.rappi.com.mx/restaurantes/category/pizza","Benedetti's","4.5","Benedetti's  4.5  Pizza  33 min  Cargo adicional por servicio ¡90% OFF EN TODO! MÍN. $100 RappiCard","https://www.rappi.com.mx/restaurantes/1306705505","145","Pizza Hawaiana Especial"
"1616630353-5","https://www.rappi.com.mx/restaurantes/category/pizza","La Neta Alas y Chelas","null","La Neta Alas y Chelas  Pizza  32 min  Cargo adicional por servicio ¡90% OFF EN TODO! MÍN. $100 RappiCard","https://www.rappi.com.mx/restaurantes/1923251333","155","Dedos de queso"
"1616630375-97","https://www.rappi.com.mx/restaurantes/category/pizza","Mi Piace Pizza Qro","null","Mi Piace Pizza Qro  Pizza ,  Italiana  30 min ¡90% OFF EN TODO! MÍN. $100 RappiCard","https://www.rappi.com.mx/restaurantes/1923261931",null,"Pizza Mixta"
"1616630396-271","https://www.rappi.com.mx/restaurantes/category/pizza","Benedetti's","4.5","Benedetti's  4.5  Pizza  33 min  Cargo adicional por servicio ¡90% OFF EN TODO! MÍN. $100 RappiCard","https://www.rappi.com.mx/restaurantes/1306705505","64","Pepsi 2 L"
"1616630375-114","https://www.rappi.com.mx/restaurantes/category/pizza","Mi Piace Pizza Qro","null","Mi Piace Pizza Qro  Pizza ,  Italiana  30 min ¡90% OFF EN TODO! MÍN. $100 RappiCard","https://www.rappi.com.mx/restaurantes/1923261931","25","Limón con Chia (500 Ml)"
"1616630391-240","https://www.rappi.com.mx/restaurantes/category/pizza","Zapata Pizza","4.8","Zapata Pizza  4.8  Pizza  40 min  Cargo adicional por servicio ¡90% OFF EN TODO! MÍN. $100 RappiCard","https://www.rappi.com.mx/restaurantes/1923240339","35","Té de Durazno 600 ml"
"1616630396-256","https://www.rappi.com.mx/restaurantes/category/pizza","Benedetti's","4.5","Benedetti's  4.5  Pizza  33 min  Cargo adicional por servicio ¡90% OFF EN TODO! MÍN. $100 RappiCard","https://www.rappi.com.mx/restaurantes/1306705505","145","Pizza Súper Especial"
"1616630386-220","https://www.rappi.com.mx/restaurantes/category/pizza","Piacere Italiano","null","Piacere Italiano  Pizza ,  Italiana  36 min ¡90% OFF EN TODO! MÍN. $100 RappiCard","https://www.rappi.com.mx/restaurantes/1923275006","330","New York"
"1616630391-237","https://www.rappi.com.mx/restaurantes/category/pizza","Zapata Pizza","4.8","Zapata Pizza  4.8  Pizza  40 min  Cargo adicional por servicio ¡90% OFF EN TODO! MÍN. $100 RappiCard","https://www.rappi.com.mx/restaurantes/1923240339","48","Sprite 2 L"
"1616630369-81","https://www.rappi.com.mx/restaurantes/category/pizza","Patricio´s","null","Patricio´s  Pizza  31 min ¡90% OFF EN TODO! MÍN. $100 RappiCard","https://www.rappi.com.mx/restaurantes/1923297582","20","Café Americano"
"1616630391-236","https://www.rappi.com.mx/restaurantes/category/pizza","Zapata Pizza","4.8","Zapata Pizza  4.8  Pizza  40 min  Cargo adicional por servicio ¡90% OFF EN TODO! MÍN. $100 RappiCard","https://www.rappi.com.mx/restaurantes/1923240339","299","2x1 en Pizza Familiar  40 cm"
"1616630375-143","https://www.rappi.com.mx/restaurantes/category/pizza","Mi Piace Pizza Qro","null","Mi Piace Pizza Qro  Pizza ,  Italiana  30 min ¡90% OFF EN TODO! MÍN. $100 RappiCard","https://www.rappi.com.mx/restaurantes/1923261931","85","Panini de Albóndigas a la Bolognesa"
"1616630369-82","https://www.rappi.com.mx/restaurantes/category/pizza","Patricio´s","null","Patricio´s  Pizza  31 min ¡90% OFF EN TODO! MÍN. $100 RappiCard","https://www.rappi.com.mx/restaurantes/1923297582","95","Calzone con Café"
"1616630380-182","https://www.rappi.com.mx/restaurantes/category/pizza","Rock N Pizza Corregidora","null","Rock N Pizza Corregidora  Pizza  32 min  Cargo adicional por servicio ¡90% OFF EN TODO! MÍN. $100 RappiCard","https://www.rappi.com.mx/restaurantes/1923258191","30","Soda Italiana"
"1616630386-191","https://www.rappi.com.mx/restaurantes/category/pizza","Piacere Italiano","null","Piacere Italiano  Pizza ,  Italiana  36 min ¡90% OFF EN TODO! MÍN. $100 RappiCard","https://www.rappi.com.mx/restaurantes/1923275006","165","Insalata Primo Amore"
"1616630375-110","https://www.rappi.com.mx/restaurantes/category/pizza","Mi Piace Pizza Qro","null","Mi Piace Pizza Qro  Pizza ,  Italiana  30 min ¡90% OFF EN TODO! MÍN. $100 RappiCard","https://www.rappi.com.mx/restaurantes/1923261931","20","Boing Guayaba 500 ml"
"1616630380-181","https://www.rappi.com.mx/restaurantes/category/pizza","Rock N Pizza Corregidora","null","Rock N Pizza Corregidora  Pizza  32 min  Cargo adicional por servicio ¡90% OFF EN TODO! MÍN. $100 RappiCard","https://www.rappi.com.mx/restaurantes/1923258191","25","7up 355 ml"
"1616630375-138","https://www.rappi.com.mx/restaurantes/category/pizza","Mi Piace Pizza Qro","null","Mi Piace Pizza Qro  Pizza ,  Italiana  30 min ¡90% OFF EN TODO! MÍN. $100 RappiCard","https://www.rappi.com.mx/restaurantes/1923261931","45","Fresa con Mango (1 Litro)"
"1616630386-194","https://www.rappi.com.mx/restaurantes/category/pizza","Piacere Italiano","null","Piacere Italiano  Pizza ,  Italiana  36 min ¡90% OFF EN TODO! MÍN. $100 RappiCard","https://www.rappi.com.mx/restaurantes/1923275006","140","Pizza Margherita"
"1616630375-105","https://www.rappi.com.mx/restaurantes/category/pizza","Mi Piace Pizza Qro","null","Mi Piace Pizza Qro  Pizza ,  Italiana  30 min ¡90% OFF EN TODO! MÍN. $100 RappiCard","https://www.rappi.com.mx/restaurantes/1923261931","20","Pepsi 600 ml"
"1616630386-226","https://www.rappi.com.mx/restaurantes/category/pizza","Piacere Italiano","null","Piacere Italiano  Pizza ,  Italiana  36 min ¡90% OFF EN TODO! MÍN. $100 RappiCard","https://www.rappi.com.mx/restaurantes/1923275006","180","Ravioli Panna e Prosciutto"
"1616630369-70","https://www.rappi.com.mx/restaurantes/category/pizza","Patricio´s","null","Patricio´s  Pizza  31 min ¡90% OFF EN TODO! MÍN. $100 RappiCard","https://www.rappi.com.mx/restaurantes/1923297582","20","Ciel Natural 600 ml"
"1616630353-21","https://www.rappi.com.mx/restaurantes/category/pizza","La Neta Alas y Chelas","null","La Neta Alas y Chelas  Pizza  32 min  Cargo adicional por servicio ¡90% OFF EN TODO! MÍN. $100 RappiCard","https://www.rappi.com.mx/restaurantes/1923251333","195","Hamburguesa Arrachera"
"1616630396-265","https://www.rappi.com.mx/restaurantes/category/pizza","Benedetti's","4.5","Benedetti's  4.5  Pizza  33 min  Cargo adicional por servicio ¡90% OFF EN TODO! MÍN. $100 RappiCard","https://www.rappi.com.mx/restaurantes/1306705505","92","Papachas"
"1616630353-33","https://www.rappi.com.mx/restaurantes/category/pizza","La Neta Alas y Chelas","null","La Neta Alas y Chelas  Pizza  32 min  Cargo adicional por servicio ¡90% OFF EN TODO! MÍN. $100 RappiCard","https://www.rappi.com.mx/restaurantes/1923251333","45","Té Helado"
"1616630396-273","https://www.rappi.com.mx/restaurantes/category/pizza","Benedetti's","4.5","Benedetti's  4.5  Pizza  33 min  Cargo adicional por servicio ¡90% OFF EN TODO! MÍN. $100 RappiCard","https://www.rappi.com.mx/restaurantes/1306705505","64","7up 2 L"
"1616630353-24","https://www.rappi.com.mx/restaurantes/category/pizza","La Neta Alas y Chelas","null","La Neta Alas y Chelas  Pizza  32 min  Cargo adicional por servicio ¡90% OFF EN TODO! MÍN. $100 RappiCard","https://www.rappi.com.mx/restaurantes/1923251333","245","Costillas 600 GR"
"1616630380-155","https://www.rappi.com.mx/restaurantes/category/pizza","Rock N Pizza Corregidora","null","Rock N Pizza Corregidora  Pizza  32 min  Cargo adicional por servicio ¡90% OFF EN TODO! MÍN. $100 RappiCard","https://www.rappi.com.mx/restaurantes/1923258191","75","Vegetariana"
"1616630359-42","https://www.rappi.com.mx/restaurantes/category/pizza","Nápoles Artesanal Pizzería","null","Nápoles Artesanal Pizzería  Pizza  28 min  Cargo adicional por servicio ¡90% OFF EN TODO! MÍN. $100 RappiCard","https://www.rappi.com.mx/restaurantes/1923249129","192","Pizza Vegetariana"
"1616630353-7","https://www.rappi.com.mx/restaurantes/category/pizza","La Neta Alas y Chelas","null","La Neta Alas y Chelas  Pizza  32 min  Cargo adicional por servicio ¡90% OFF EN TODO! MÍN. $100 RappiCard","https://www.rappi.com.mx/restaurantes/1923251333","85","Papas a la Francesa"
"1616630391-235","https://www.rappi.com.mx/restaurantes/category/pizza","Zapata Pizza","4.8","Zapata Pizza  4.8  Pizza  40 min  Cargo adicional por servicio ¡90% OFF EN TODO! MÍN. $100 RappiCard","https://www.rappi.com.mx/restaurantes/1923240339","269","2x1 Pizza Grande 35 cm"
"1616630375-107","https://www.rappi.com.mx/restaurantes/category/pizza","Mi Piace Pizza Qro","null","Mi Piace Pizza Qro  Pizza ,  Italiana  30 min ¡90% OFF EN TODO! MÍN. $100 RappiCard","https://www.rappi.com.mx/restaurantes/1923261931","20","7up 600 ml"
"1616630353-26","https://www.rappi.com.mx/restaurantes/category/pizza","La Neta Alas y Chelas","null","La Neta Alas y Chelas  Pizza  32 min  Cargo adicional por servicio ¡90% OFF EN TODO! MÍN. $100 RappiCard","https://www.rappi.com.mx/restaurantes/1923251333","115","Jocho del carrito"
"1616630375-96","https://www.rappi.com.mx/restaurantes/category/pizza","Mi Piace Pizza Qro","null","Mi Piace Pizza Qro  Pizza ,  Italiana  30 min ¡90% OFF EN TODO! MÍN. $100 RappiCard","https://www.rappi.com.mx/restaurantes/1923261931","145","Pizza a la Mexicana"
"1616630359-45","https://www.rappi.com.mx/restaurantes/category/pizza","Nápoles Artesanal Pizzería","null","Nápoles Artesanal Pizzería  Pizza  28 min  Cargo adicional por servicio ¡90% OFF EN TODO! MÍN. $100 RappiCard","https://www.rappi.com.mx/restaurantes/1923249129","245","Pizza Capresse"
"1616630353-9","https://www.rappi.com.mx/restaurantes/category/pizza","La Neta Alas y Chelas","null","La Neta Alas y Chelas  Pizza  32 min  Cargo adicional por servicio ¡90% OFF EN TODO! MÍN. $100 RappiCard","https://www.rappi.com.mx/restaurantes/1923251333","155","Nachos con Carne"
"1616630380-177","https://www.rappi.com.mx/restaurantes/category/pizza","Rock N Pizza Corregidora","null","Rock N Pizza Corregidora  Pizza  32 min  Cargo adicional por servicio ¡90% OFF EN TODO! MÍN. $100 RappiCard","https://www.rappi.com.mx/restaurantes/1923258191","25","Coca-Cola Original 355 ml"
"1616630353-15","https://www.rappi.com.mx/restaurantes/category/pizza","La Neta Alas y Chelas","null","La Neta Alas y Chelas  Pizza  32 min  Cargo adicional por servicio ¡90% OFF EN TODO! MÍN. $100 RappiCard","https://www.rappi.com.mx/restaurantes/1923251333","165","Hamburguesa de Pollo Crispy"
"1616630353-23","https://www.rappi.com.mx/restaurantes/category/pizza","La Neta Alas y Chelas","null","La Neta Alas y Chelas  Pizza  32 min  Cargo adicional por servicio ¡90% OFF EN TODO! MÍN. $100 RappiCard","https://www.rappi.com.mx/restaurantes/1923251333","135","Costillas 300 Gr"
"1616630386-231","https://www.rappi.com.mx/restaurantes/category/pizza","Piacere Italiano","null","Piacere Italiano  Pizza ,  Italiana  36 min ¡90% OFF EN TODO! MÍN. $100 RappiCard","https://www.rappi.com.mx/restaurantes/1923275006","215","Risotto ai Funghi"
"1616630353-36","https://www.rappi.com.mx/restaurantes/category/pizza","La Neta Alas y Chelas","null","La Neta Alas y Chelas  Pizza  32 min  Cargo adicional por servicio ¡90% OFF EN TODO! MÍN. $100 RappiCard","https://www.rappi.com.mx/restaurantes/1923251333","55","Limonada"
"1616630386-199","https://www.rappi.com.mx/restaurantes/category/pizza","Piacere Italiano","null","Piacere Italiano  Pizza ,  Italiana  36 min ¡90% OFF EN TODO! MÍN. $100 RappiCard","https://www.rappi.com.mx/restaurantes/1923275006","165","Pizza Hawaiana"
"1616630359-39","https://www.rappi.com.mx/restaurantes/category/pizza","Nápoles Artesanal Pizzería","null","Nápoles Artesanal Pizzería  Pizza  28 min  Cargo adicional por servicio ¡90% OFF EN TODO! MÍN. $100 RappiCard","https://www.rappi.com.mx/restaurantes/1923249129","192","Pizza Hawaiana"
"1616630364-61","https://www.rappi.com.mx/restaurantes/category/pizza","Martinica","null","Martinica  Pizza  31 min  Cargo adicional por servicio ¡90% OFF EN TODO! MÍN. $100 RappiCard","https://www.rappi.com.mx/restaurantes/1923251867","212","Pizza Trentino"
"1616630364-54","https://www.rappi.com.mx/restaurantes/category/pizza","Martinica","null","Martinica  Pizza  31 min  Cargo adicional por servicio ¡90% OFF EN TODO! MÍN. $100 RappiCard","https://www.rappi.com.mx/restaurantes/1923251867","242","Fetuccini al Pesto con Camarones"
"1616630380-165","https://www.rappi.com.mx/restaurantes/category/pizza","Rock N Pizza Corregidora","null","Rock N Pizza Corregidora  Pizza  32 min  Cargo adicional por servicio ¡90% OFF EN TODO! MÍN. $100 RappiCard","https://www.rappi.com.mx/restaurantes/1923258191","96","Morrison"
"1616630380-154","https://www.rappi.com.mx/restaurantes/category/pizza","Rock N Pizza Corregidora","null","Rock N Pizza Corregidora  Pizza  32 min  Cargo adicional por servicio ¡90% OFF EN TODO! MÍN. $100 RappiCard","https://www.rappi.com.mx/restaurantes/1923258191","75","Champiñones"
"1616630375-119","https://www.rappi.com.mx/restaurantes/category/pizza","Mi Piace Pizza Qro","null","Mi Piace Pizza Qro  Pizza ,  Italiana  30 min ¡90% OFF EN TODO! MÍN. $100 RappiCard","https://www.rappi.com.mx/restaurantes/1923261931","45","Limón con Pepino (1 Litro)"
"1616630364-65","https://www.rappi.com.mx/restaurantes/category/pizza","Martinica","null","Martinica  Pizza  31 min  Cargo adicional por servicio ¡90% OFF EN TODO! MÍN. $100 RappiCard","https://www.rappi.com.mx/restaurantes/1923251867","45","Sidral Mundet 600 ml"
"1616630353-3","https://www.rappi.com.mx/restaurantes/category/pizza","La Neta Alas y Chelas","null","La Neta Alas y Chelas  Pizza  32 min  Cargo adicional por servicio ¡90% OFF EN TODO! MÍN. $100 RappiCard","https://www.rappi.com.mx/restaurantes/1923251333","305","Combo 3"
"1616630369-72","https://www.rappi.com.mx/restaurantes/category/pizza","Patricio´s","null","Patricio´s  Pizza  31 min ¡90% OFF EN TODO! MÍN. $100 RappiCard","https://www.rappi.com.mx/restaurantes/1923297582","20","Fresca Toronja 600 ml"
"1616630396-252","https://www.rappi.com.mx/restaurantes/category/pizza","Benedetti's","4.5","Benedetti's  4.5  Pizza  33 min  Cargo adicional por servicio ¡90% OFF EN TODO! MÍN. $100 RappiCard","https://www.rappi.com.mx/restaurantes/1306705505","145","Dogo Pizza Especial"
"1616630353-4","https://www.rappi.com.mx/restaurantes/category/pizza","La Neta Alas y Chelas","null","La Neta Alas y Chelas  Pizza  32 min  Cargo adicional por servicio ¡90% OFF EN TODO! MÍN. $100 RappiCard","https://www.rappi.com.mx/restaurantes/1923251333","95","Papas Gajo"
"1616630375-108","https://www.rappi.com.mx/restaurantes/category/pizza","Mi Piace Pizza Qro","null","Mi Piace Pizza Qro  Pizza ,  Italiana  30 min ¡90% OFF EN TODO! MÍN. $100 RappiCard","https://www.rappi.com.mx/restaurantes/1923261931","20","Manzanita Sol 600 ml"
"1616630353-2","https://www.rappi.com.mx/restaurantes/category/pizza","La Neta Alas y Chelas","null","La Neta Alas y Chelas  Pizza  32 min  Cargo adicional por servicio ¡90% OFF EN TODO! MÍN. $100 RappiCard","https://www.rappi.com.mx/restaurantes/1923251333","425","Combo 4"
"1616630380-173","https://www.rappi.com.mx/restaurantes/category/pizza","Rock N Pizza Corregidora","null","Rock N Pizza Corregidora  Pizza  32 min  Cargo adicional por servicio ¡90% OFF EN TODO! MÍN. $100 RappiCard","https://www.rappi.com.mx/restaurantes/1923258191","145","Hamburguesa Doble"
"1616630396-275","https://www.rappi.com.mx/restaurantes/category/pizza","Benedetti's","4.5","Benedetti's  4.5  Pizza  33 min  Cargo adicional por servicio ¡90% OFF EN TODO! MÍN. $100 RappiCard","https://www.rappi.com.mx/restaurantes/1306705505","64","Mirinda Naranja 2 L"
"1616630375-121","https://www.rappi.com.mx/restaurantes/category/pizza","Mi Piace Pizza Qro","null","Mi Piace Pizza Qro  Pizza ,  Italiana  30 min ¡90% OFF EN TODO! MÍN. $100 RappiCard","https://www.rappi.com.mx/restaurantes/1923261931","45","Piña (1 Litro)"
"1616630396-264","https://www.rappi.com.mx/restaurantes/category/pizza","Benedetti's","4.5","Benedetti's  4.5  Pizza  33 min  Cargo adicional por servicio ¡90% OFF EN TODO! MÍN. $100 RappiCard","https://www.rappi.com.mx/restaurantes/1306705505","258","Súper Pizza Hawaiana Especial"
"1616630364-60","https://www.rappi.com.mx/restaurantes/category/pizza","Martinica","null","Martinica  Pizza  31 min  Cargo adicional por servicio ¡90% OFF EN TODO! MÍN. $100 RappiCard","https://www.rappi.com.mx/restaurantes/1923251867","230","Pizza prosciutto"
"1616630369-77","https://www.rappi.com.mx/restaurantes/category/pizza","Patricio´s","null","Patricio´s  Pizza  31 min ¡90% OFF EN TODO! MÍN. $100 RappiCard","https://www.rappi.com.mx/restaurantes/1923297582","89","Combo 2"
"1616630364-55","https://www.rappi.com.mx/restaurantes/category/pizza","Martinica","null","Martinica  Pizza  31 min  Cargo adicional por servicio ¡90% OFF EN TODO! MÍN. $100 RappiCard","https://www.rappi.com.mx/restaurantes/1923251867","199","Spaghetti a la Bolognesa"
"1616630375-124","https://www.rappi.com.mx/restaurantes/category/pizza","Mi Piace Pizza Qro","null","Mi Piace Pizza Qro  Pizza ,  Italiana  30 min ¡90% OFF EN TODO! MÍN. $100 RappiCard","https://www.rappi.com.mx/restaurantes/1923261931","25","Piña con Naranja (500 Ml)"
"1616630380-166","https://www.rappi.com.mx/restaurantes/category/pizza","Rock N Pizza Corregidora","null","Rock N Pizza Corregidora  Pizza  32 min  Cargo adicional por servicio ¡90% OFF EN TODO! MÍN. $100 RappiCard","https://www.rappi.com.mx/restaurantes/1923258191","96","The Doors"
"1616630369-75","https://www.rappi.com.mx/restaurantes/category/pizza","Patricio´s","null","Patricio´s  Pizza  31 min ¡90% OFF EN TODO! MÍN. $100 RappiCard","https://www.rappi.com.mx/restaurantes/1923297582","38","Coca-Cola Original 2 l"
"1616630353-18","https://www.rappi.com.mx/restaurantes/category/pizza","La Neta Alas y Chelas","null","La Neta Alas y Chelas  Pizza  32 min  Cargo adicional por servicio ¡90% OFF EN TODO! MÍN. $100 RappiCard","https://www.rappi.com.mx/restaurantes/1923251333","195","Hamburguesa Hawaiana"
"1616630380-163","https://www.rappi.com.mx/restaurantes/category/pizza","Rock N Pizza Corregidora","null","Rock N Pizza Corregidora  Pizza  32 min  Cargo adicional por servicio ¡90% OFF EN TODO! MÍN. $100 RappiCard","https://www.rappi.com.mx/restaurantes/1923258191","96","Heavy Metal"
"1616630353-31","https://www.rappi.com.mx/restaurantes/category/pizza","La Neta Alas y Chelas","null","La Neta Alas y Chelas  Pizza  32 min  Cargo adicional por servicio ¡90% OFF EN TODO! MÍN. $100 RappiCard","https://www.rappi.com.mx/restaurantes/1923251333","40","Fanta Naranja 355 ml"
"1616630386-232","https://www.rappi.com.mx/restaurantes/category/pizza","Piacere Italiano","null","Piacere Italiano  Pizza ,  Italiana  36 min ¡90% OFF EN TODO! MÍN. $100 RappiCard","https://www.rappi.com.mx/restaurantes/1923275006","210","Risotto Esparagi e Gamberetti"
"1616630375-127","https://www.rappi.com.mx/restaurantes/category/pizza","Mi Piace Pizza Qro","null","Mi Piace Pizza Qro  Pizza ,  Italiana  30 min ¡90% OFF EN TODO! MÍN. $100 RappiCard","https://www.rappi.com.mx/restaurantes/1923261931","45","Piña con Hierbabuena (1 Litro)"
"1616630364-51","https://www.rappi.com.mx/restaurantes/category/pizza","Martinica","null","Martinica  Pizza  31 min  Cargo adicional por servicio ¡90% OFF EN TODO! MÍN. $100 RappiCard","https://www.rappi.com.mx/restaurantes/1923251867","199","Ensalada César Con Pollo"
"1616630375-117","https://www.rappi.com.mx/restaurantes/category/pizza","Mi Piace Pizza Qro","null","Mi Piace Pizza Qro  Pizza ,  Italiana  30 min ¡90% OFF EN TODO! MÍN. $100 RappiCard","https://www.rappi.com.mx/restaurantes/1923261931","45","Limón con Hierbabuena (1 Litro)"
"1616630380-164","https://www.rappi.com.mx/restaurantes/category/pizza","Rock N Pizza Corregidora","null","Rock N Pizza Corregidora  Pizza  32 min  Cargo adicional por servicio ¡90% OFF EN TODO! MÍN. $100 RappiCard","https://www.rappi.com.mx/restaurantes/1923258191","96","The Beatles"
"1616630386-213","https://www.rappi.com.mx/restaurantes/category/pizza","Piacere Italiano","null","Piacere Italiano  Pizza ,  Italiana  36 min ¡90% OFF EN TODO! MÍN. $100 RappiCard","https://www.rappi.com.mx/restaurantes/1923275006","195","Pasta al Salmone"
"1616630396-251","https://www.rappi.com.mx/restaurantes/category/pizza","Benedetti's","4.5","Benedetti's  4.5  Pizza  33 min  Cargo adicional por servicio ¡90% OFF EN TODO! MÍN. $100 RappiCard","https://www.rappi.com.mx/restaurantes/1306705505","145","Pizza Maxxima Especial"
"1616630391-239","https://www.rappi.com.mx/restaurantes/category/pizza","Zapata Pizza","4.8","Zapata Pizza  4.8  Pizza  40 min  Cargo adicional por servicio ¡90% OFF EN TODO! MÍN. $100 RappiCard","https://www.rappi.com.mx/restaurantes/1923240339","48","Fanta Naranja 2 L"
"1616630386-227","https://www.rappi.com.mx/restaurantes/category/pizza","Piacere Italiano","null","Piacere Italiano  Pizza ,  Italiana  36 min ¡90% OFF EN TODO! MÍN. $100 RappiCard","https://www.rappi.com.mx/restaurantes/1923275006","185","Ravioli Gorgonzola e Noci"
"1616630380-150","https://www.rappi.com.mx/restaurantes/category/pizza","Rock N Pizza Corregidora","null","Rock N Pizza Corregidora  Pizza  32 min  Cargo adicional por servicio ¡90% OFF EN TODO! MÍN. $100 RappiCard","https://www.rappi.com.mx/restaurantes/1923258191","65","Ensalada Capresse"
"1616630391-243","https://www.rappi.com.mx/restaurantes/category/pizza","Zapata Pizza","4.8","Zapata Pizza  4.8  Pizza  40 min  Cargo adicional por servicio ¡90% OFF EN TODO! MÍN. $100 RappiCard","https://www.rappi.com.mx/restaurantes/1923240339","22","Ciel Natural 600 ml"
"1616630353-29","https://www.rappi.com.mx/restaurantes/category/pizza","La Neta Alas y Chelas","null","La Neta Alas y Chelas  Pizza  32 min  Cargo adicional por servicio ¡90% OFF EN TODO! MÍN. $100 RappiCard","https://www.rappi.com.mx/restaurantes/1923251333","40","Coca-Cola Original 355 ml"
"1616630396-245","https://www.rappi.com.mx/restaurantes/category/pizza","Benedetti's","4.5","Benedetti's  4.5  Pizza  33 min  Cargo adicional por servicio ¡90% OFF EN TODO! MÍN. $100 RappiCard","https://www.rappi.com.mx/restaurantes/1306705505","145","Pizza Cinco Quesos"
"1616630386-230","https://www.rappi.com.mx/restaurantes/category/pizza","Piacere Italiano","null","Piacere Italiano  Pizza ,  Italiana  36 min ¡90% OFF EN TODO! MÍN. $100 RappiCard","https://www.rappi.com.mx/restaurantes/1923275006","220","Pasta al Pesce"
"1616630359-40","https://www.rappi.com.mx/restaurantes/category/pizza","Nápoles Artesanal Pizzería","null","Nápoles Artesanal Pizzería  Pizza  28 min  Cargo adicional por servicio ¡90% OFF EN TODO! MÍN. $100 RappiCard","https://www.rappi.com.mx/restaurantes/1923249129","192","Pizza Mexicana"
"1616630386-197","https://www.rappi.com.mx/restaurantes/category/pizza","Piacere Italiano","null","Piacere Italiano  Pizza ,  Italiana  36 min ¡90% OFF EN TODO! MÍN. $100 RappiCard","https://www.rappi.com.mx/restaurantes/1923275006","165","Pizza Diavola"
"1616630375-118","https://www.rappi.com.mx/restaurantes/category/pizza","Mi Piace Pizza Qro","null","Mi Piace Pizza Qro  Pizza ,  Italiana  30 min ¡90% OFF EN TODO! MÍN. $100 RappiCard","https://www.rappi.com.mx/restaurantes/1923261931","25","Limón con Pepino (500 Ml)"
"1616630386-209","https://www.rappi.com.mx/restaurantes/category/pizza","Piacere Italiano","null","Piacere Italiano  Pizza ,  Italiana  36 min ¡90% OFF EN TODO! MÍN. $100 RappiCard","https://www.rappi.com.mx/restaurantes/1923275006","100","Pasta Bianca"
"1616630353-10","https://www.rappi.com.mx/restaurantes/category/pizza","La Neta Alas y Chelas","null","La Neta Alas y Chelas  Pizza  32 min  Cargo adicional por servicio ¡90% OFF EN TODO! MÍN. $100 RappiCard","https://www.rappi.com.mx/restaurantes/1923251333","105","Papas con Queso"
"1616630386-206","https://www.rappi.com.mx/restaurantes/category/pizza","Piacere Italiano","null","Piacere Italiano  Pizza ,  Italiana  36 min ¡90% OFF EN TODO! MÍN. $100 RappiCard","https://www.rappi.com.mx/restaurantes/1923275006","170","Pasta all´Amatriciana"
"1616630380-151","https://www.rappi.com.mx/restaurantes/category/pizza","Rock N Pizza Corregidora","null","Rock N Pizza Corregidora  Pizza  32 min  Cargo adicional por servicio ¡90% OFF EN TODO! MÍN. $100 RappiCard","https://www.rappi.com.mx/restaurantes/1923258191","100","Ensalada Italiana"
"1616630375-146","https://www.rappi.com.mx/restaurantes/category/pizza","Mi Piace Pizza Qro","null","Mi Piace Pizza Qro  Pizza ,  Italiana  30 min ¡90% OFF EN TODO! MÍN. $100 RappiCard","https://www.rappi.com.mx/restaurantes/1923261931","135","Pizza Dulce"
"1616630386-195","https://www.rappi.com.mx/restaurantes/category/pizza","Piacere Italiano","null","Piacere Italiano  Pizza ,  Italiana  36 min ¡90% OFF EN TODO! MÍN. $100 RappiCard","https://www.rappi.com.mx/restaurantes/1923275006","150","Pizza Prosciutto Cotto"
"1616630375-131","https://www.rappi.com.mx/restaurantes/category/pizza","Mi Piace Pizza Qro","null","Mi Piace Pizza Qro  Pizza ,  Italiana  30 min ¡90% OFF EN TODO! MÍN. $100 RappiCard","https://www.rappi.com.mx/restaurantes/1923261931","45","Guayaba con Hierbabuena (1 Litro)"
"1616630375-142","https://www.rappi.com.mx/restaurantes/category/pizza","Mi Piace Pizza Qro","null","Mi Piace Pizza Qro  Pizza ,  Italiana  30 min ¡90% OFF EN TODO! MÍN. $100 RappiCard","https://www.rappi.com.mx/restaurantes/1923261931","70","Panini de Pollo (25 Cm)"
"1616630396-259","https://www.rappi.com.mx/restaurantes/category/pizza","Benedetti's","4.5","Benedetti's  4.5  Pizza  33 min  Cargo adicional por servicio ¡90% OFF EN TODO! MÍN. $100 RappiCard","https://www.rappi.com.mx/restaurantes/1306705505","258","Super Pizza Pizza Cinco Quesos"
"1616630380-162","https://www.rappi.com.mx/restaurantes/category/pizza","Rock N Pizza Corregidora","null","Rock N Pizza Corregidora  Pizza  32 min  Cargo adicional por servicio ¡90% OFF EN TODO! MÍN. $100 RappiCard","https://www.rappi.com.mx/restaurantes/1923258191","96","Heart"
"1616630375-99","https://www.rappi.com.mx/restaurantes/category/pizza","Mi Piace Pizza Qro","null","Mi Piace Pizza Qro  Pizza ,  Italiana  30 min ¡90% OFF EN TODO! MÍN. $100 RappiCard","https://www.rappi.com.mx/restaurantes/1923261931","130","Pizza de Jamón y Salchichas."
"1616630353-8","https://www.rappi.com.mx/restaurantes/category/pizza","La Neta Alas y Chelas","null","La Neta Alas y Chelas  Pizza  32 min  Cargo adicional por servicio ¡90% OFF EN TODO! MÍN. $100 RappiCard","https://www.rappi.com.mx/restaurantes/1923251333","55","Elote Amarillo"
"1616630353-30","https://www.rappi.com.mx/restaurantes/category/pizza","La Neta Alas y Chelas","null","La Neta Alas y Chelas  Pizza  32 min  Cargo adicional por servicio ¡90% OFF EN TODO! MÍN. $100 RappiCard","https://www.rappi.com.mx/restaurantes/1923251333","40","Coca-Cola Light 355 ml"
"1616630375-128","https://www.rappi.com.mx/restaurantes/category/pizza","Mi Piace Pizza Qro","null","Mi Piace Pizza Qro  Pizza ,  Italiana  30 min ¡90% OFF EN TODO! MÍN. $100 RappiCard","https://www.rappi.com.mx/restaurantes/1923261931","25","Guayaba (500 Ml)"
"1616630375-144","https://www.rappi.com.mx/restaurantes/category/pizza","Mi Piace Pizza Qro","null","Mi Piace Pizza Qro  Pizza ,  Italiana  30 min ¡90% OFF EN TODO! MÍN. $100 RappiCard","https://www.rappi.com.mx/restaurantes/1923261931","85","Panini Vegetariano"
"1616630396-258","https://www.rappi.com.mx/restaurantes/category/pizza","Benedetti's","4.5","Benedetti's  4.5  Pizza  33 min  Cargo adicional por servicio ¡90% OFF EN TODO! MÍN. $100 RappiCard","https://www.rappi.com.mx/restaurantes/1306705505","171","Pizza Especialidad con Orilla de Queso"
"1616630386-203","https://www.rappi.com.mx/restaurantes/category/pizza","Piacere Italiano","null","Piacere Italiano  Pizza ,  Italiana  36 min ¡90% OFF EN TODO! MÍN. $100 RappiCard","https://www.rappi.com.mx/restaurantes/1923275006","165","Pizza Tonno e Cipolla"
"1616630375-84","https://www.rappi.com.mx/restaurantes/category/pizza","Mi Piace Pizza Qro","null","Mi Piace Pizza Qro  Pizza ,  Italiana  30 min ¡90% OFF EN TODO! MÍN. $100 RappiCard","https://www.rappi.com.mx/restaurantes/1923261931","28","Empanada Carne (80 gr Aprox)"
"1616630375-93","https://www.rappi.com.mx/restaurantes/category/pizza","Mi Piace Pizza Qro","null","Mi Piace Pizza Qro  Pizza ,  Italiana  30 min ¡90% OFF EN TODO! MÍN. $100 RappiCard","https://www.rappi.com.mx/restaurantes/1923261931","125","Pizza de Pepperoni"
"1616630375-139","https://www.rappi.com.mx/restaurantes/category/pizza","Mi Piace Pizza Qro","null","Mi Piace Pizza Qro  Pizza ,  Italiana  30 min ¡90% OFF EN TODO! MÍN. $100 RappiCard","https://www.rappi.com.mx/restaurantes/1923261931","25","Fresa con Hierbabuena (500 Ml)"
"1616630380-168","https://www.rappi.com.mx/restaurantes/category/pizza","Rock N Pizza Corregidora","null","Rock N Pizza Corregidora  Pizza  32 min  Cargo adicional por servicio ¡90% OFF EN TODO! MÍN. $100 RappiCard","https://www.rappi.com.mx/restaurantes/1923258191","96","Janis"
"1616630386-198","https://www.rappi.com.mx/restaurantes/category/pizza","Piacere Italiano","null","Piacere Italiano  Pizza ,  Italiana  36 min ¡90% OFF EN TODO! MÍN. $100 RappiCard","https://www.rappi.com.mx/restaurantes/1923275006","165","Pizza Prosciutto e Funghi"
"1616630386-201","https://www.rappi.com.mx/restaurantes/category/pizza","Piacere Italiano","null","Piacere Italiano  Pizza ,  Italiana  36 min ¡90% OFF EN TODO! MÍN. $100 RappiCard","https://www.rappi.com.mx/restaurantes/1923275006","160","Pizza Verdure"
"1616630364-59","https://www.rappi.com.mx/restaurantes/category/pizza","Martinica","null","Martinica  Pizza  31 min  Cargo adicional por servicio ¡90% OFF EN TODO! MÍN. $100 RappiCard","https://www.rappi.com.mx/restaurantes/1923251867","253","La Martinica"
"1616630380-152","https://www.rappi.com.mx/restaurantes/category/pizza","Rock N Pizza Corregidora","null","Rock N Pizza Corregidora  Pizza  32 min  Cargo adicional por servicio ¡90% OFF EN TODO! MÍN. $100 RappiCard","https://www.rappi.com.mx/restaurantes/1923258191","100","Boloñesa"
"1616630375-148","https://www.rappi.com.mx/restaurantes/category/pizza","Mi Piace Pizza Qro","null","Mi Piace Pizza Qro  Pizza ,  Italiana  30 min ¡90% OFF EN TODO! MÍN. $100 RappiCard","https://www.rappi.com.mx/restaurantes/1923261931","100","Promo Pizzas"
"1616630359-38","https://www.rappi.com.mx/restaurantes/category/pizza","Nápoles Artesanal Pizzería","null","Nápoles Artesanal Pizzería  Pizza  28 min  Cargo adicional por servicio ¡90% OFF EN TODO! MÍN. $100 RappiCard","https://www.rappi.com.mx/restaurantes/1923249129","146","Pizza Margarita"
"1616630386-210","https://www.rappi.com.mx/restaurantes/category/pizza","Piacere Italiano","null","Piacere Italiano  Pizza ,  Italiana  36 min ¡90% OFF EN TODO! MÍN. $100 RappiCard","https://www.rappi.com.mx/restaurantes/1923275006","155","Pasta al Pomodoro"
"1616630380-153","https://www.rappi.com.mx/restaurantes/category/pizza","Rock N Pizza Corregidora","null","Rock N Pizza Corregidora  Pizza  32 min  Cargo adicional por servicio ¡90% OFF EN TODO! MÍN. $100 RappiCard","https://www.rappi.com.mx/restaurantes/1923258191","100","Alfredo"
"1616630386-189","https://www.rappi.com.mx/restaurantes/category/pizza","Piacere Italiano","null","Piacere Italiano  Pizza ,  Italiana  36 min ¡90% OFF EN TODO! MÍN. $100 RappiCard","https://www.rappi.com.mx/restaurantes/1923275006","180","Tartare Di Tonno"
"1616630386-218","https://www.rappi.com.mx/restaurantes/category/pizza","Piacere Italiano","null","Piacere Italiano  Pizza ,  Italiana  36 min ¡90% OFF EN TODO! MÍN. $100 RappiCard","https://www.rappi.com.mx/restaurantes/1923275006","270","Filetto di Salmone"
"1616630396-268","https://www.rappi.com.mx/restaurantes/category/pizza","Benedetti's","4.5","Benedetti's  4.5  Pizza  33 min  Cargo adicional por servicio ¡90% OFF EN TODO! MÍN. $100 RappiCard","https://www.rappi.com.mx/restaurantes/1306705505","27","7up 600 ml"
"1616630375-130","https://www.rappi.com.mx/restaurantes/category/pizza","Mi Piace Pizza Qro","null","Mi Piace Pizza Qro  Pizza ,  Italiana  30 min ¡90% OFF EN TODO! MÍN. $100 RappiCard","https://www.rappi.com.mx/restaurantes/1923261931","25","Guayaba con Hierbabuena (500 Ml)"
"1616630364-58","https://www.rappi.com.mx/restaurantes/category/pizza","Martinica","null","Martinica  Pizza  31 min  Cargo adicional por servicio ¡90% OFF EN TODO! MÍN. $100 RappiCard","https://www.rappi.com.mx/restaurantes/1923251867","153","Pizza Margarita"
"1616630391-234","https://www.rappi.com.mx/restaurantes/category/pizza","Zapata Pizza","4.8","Zapata Pizza  4.8  Pizza  40 min  Cargo adicional por servicio ¡90% OFF EN TODO! MÍN. $100 RappiCard","https://www.rappi.com.mx/restaurantes/1923240339","238","2x1 en Pizza Mediana de 30 cm"
"1616630375-141","https://www.rappi.com.mx/restaurantes/category/pizza","Mi Piace Pizza Qro","null","Mi Piace Pizza Qro  Pizza ,  Italiana  30 min ¡90% OFF EN TODO! MÍN. $100 RappiCard","https://www.rappi.com.mx/restaurantes/1923261931","70","Panini de Jamón de Pavo (25 Cm)"
"1616630364-53","https://www.rappi.com.mx/restaurantes/category/pizza","Martinica","null","Martinica  Pizza  31 min  Cargo adicional por servicio ¡90% OFF EN TODO! MÍN. $100 RappiCard","https://www.rappi.com.mx/restaurantes/1923251867","195","Ensalada Martinica"
"1616630353-14","https://www.rappi.com.mx/restaurantes/category/pizza","La Neta Alas y Chelas","null","La Neta Alas y Chelas  Pizza  32 min  Cargo adicional por servicio ¡90% OFF EN TODO! MÍN. $100 RappiCard","https://www.rappi.com.mx/restaurantes/1923251333","185","Ensalada de Marinera"
"1616630396-266","https://www.rappi.com.mx/restaurantes/category/pizza","Benedetti's","4.5","Benedetti's  4.5  Pizza  33 min  Cargo adicional por servicio ¡90% OFF EN TODO! MÍN. $100 RappiCard","https://www.rappi.com.mx/restaurantes/1306705505","39","Benetarta"
"1616630375-122","https://www.rappi.com.mx/restaurantes/category/pizza","Mi Piace Pizza Qro","null","Mi Piace Pizza Qro  Pizza ,  Italiana  30 min ¡90% OFF EN TODO! MÍN. $100 RappiCard","https://www.rappi.com.mx/restaurantes/1923261931","25","Piña con Limón (500 Ml)"
"1616630353-20","https://www.rappi.com.mx/restaurantes/category/pizza","La Neta Alas y Chelas","null","La Neta Alas y Chelas  Pizza  32 min  Cargo adicional por servicio ¡90% OFF EN TODO! MÍN. $100 RappiCard","https://www.rappi.com.mx/restaurantes/1923251333","215","Hamburguesa Especial"
"1616630375-123","https://www.rappi.com.mx/restaurantes/category/pizza","Mi Piace Pizza Qro","null","Mi Piace Pizza Qro  Pizza ,  Italiana  30 min ¡90% OFF EN TODO! MÍN. $100 RappiCard","https://www.rappi.com.mx/restaurantes/1923261931","45","Piña con Limón (1 Litro)"
"1616630364-67","https://www.rappi.com.mx/restaurantes/category/pizza","Martinica","null","Martinica  Pizza  31 min  Cargo adicional por servicio ¡90% OFF EN TODO! MÍN. $100 RappiCard","https://www.rappi.com.mx/restaurantes/1923251867","45","Coca-Cola Original 600 ml"
"1616630391-241","https://www.rappi.com.mx/restaurantes/category/pizza","Zapata Pizza","4.8","Zapata Pizza  4.8  Pizza  40 min  Cargo adicional por servicio ¡90% OFF EN TODO! MÍN. $100 RappiCard","https://www.rappi.com.mx/restaurantes/1923240339","48","Victoria Grosella 2 L"
"1616630386-196","https://www.rappi.com.mx/restaurantes/category/pizza","Piacere Italiano","null","Piacere Italiano  Pizza ,  Italiana  36 min ¡90% OFF EN TODO! MÍN. $100 RappiCard","https://www.rappi.com.mx/restaurantes/1923275006","150","Pizza Quattro Formaggi"
"1616630369-73","https://www.rappi.com.mx/restaurantes/category/pizza","Patricio´s","null","Patricio´s  Pizza  31 min ¡90% OFF EN TODO! MÍN. $100 RappiCard","https://www.rappi.com.mx/restaurantes/1923297582","20","Sidral Mundet 600 ml"
"1616630353-25","https://www.rappi.com.mx/restaurantes/category/pizza","La Neta Alas y Chelas","null","La Neta Alas y Chelas  Pizza  32 min  Cargo adicional por servicio ¡90% OFF EN TODO! MÍN. $100 RappiCard","https://www.rappi.com.mx/restaurantes/1923251333","355","Costillas 900 Gr"
"1616630375-113","https://www.rappi.com.mx/restaurantes/category/pizza","Mi Piace Pizza Qro","null","Mi Piace Pizza Qro  Pizza ,  Italiana  30 min ¡90% OFF EN TODO! MÍN. $100 RappiCard","https://www.rappi.com.mx/restaurantes/1923261931","20","Coca-Cola Original 600 ml"
"1616630396-260","https://www.rappi.com.mx/restaurantes/category/pizza","Benedetti's","4.5","Benedetti's  4.5  Pizza  33 min  Cargo adicional por servicio ¡90% OFF EN TODO! MÍN. $100 RappiCard","https://www.rappi.com.mx/restaurantes/1306705505","258","Súper Pizza Vegetalia Especial"
"1616630375-94","https://www.rappi.com.mx/restaurantes/category/pizza","Mi Piace Pizza Qro","null","Mi Piace Pizza Qro  Pizza ,  Italiana  30 min ¡90% OFF EN TODO! MÍN. $100 RappiCard","https://www.rappi.com.mx/restaurantes/1923261931","125","Pizza Hawaiana"
"1616630386-192","https://www.rappi.com.mx/restaurantes/category/pizza","Piacere Italiano","null","Piacere Italiano  Pizza ,  Italiana  36 min ¡90% OFF EN TODO! MÍN. $100 RappiCard","https://www.rappi.com.mx/restaurantes/1923275006","155","Insalata Greca"
"1616630375-112","https://www.rappi.com.mx/restaurantes/category/pizza","Mi Piace Pizza Qro","null","Mi Piace Pizza Qro  Pizza ,  Italiana  30 min ¡90% OFF EN TODO! MÍN. $100 RappiCard","https://www.rappi.com.mx/restaurantes/1923261931","15","Bonafont Natural 600 ml"
"1616630380-178","https://www.rappi.com.mx/restaurantes/category/pizza","Rock N Pizza Corregidora","null","Rock N Pizza Corregidora  Pizza  32 min  Cargo adicional por servicio ¡90% OFF EN TODO! MÍN. $100 RappiCard","https://www.rappi.com.mx/restaurantes/1923258191","25","Pepsi 355 ml"
"1616630375-106","https://www.rappi.com.mx/restaurantes/category/pizza","Mi Piace Pizza Qro","null","Mi Piace Pizza Qro  Pizza ,  Italiana  30 min ¡90% OFF EN TODO! MÍN. $100 RappiCard","https://www.rappi.com.mx/restaurantes/1923261931","20","Mirinda Naranja 600 ml"
"1616630353-1","https://www.rappi.com.mx/restaurantes/category/pizza","La Neta Alas y Chelas","null","La Neta Alas y Chelas  Pizza  32 min  Cargo adicional por servicio ¡90% OFF EN TODO! MÍN. $100 RappiCard","https://www.rappi.com.mx/restaurantes/1923251333","275","Combo 1"
"1616630386-193","https://www.rappi.com.mx/restaurantes/category/pizza","Piacere Italiano","null","Piacere Italiano  Pizza ,  Italiana  36 min ¡90% OFF EN TODO! MÍN. $100 RappiCard","https://www.rappi.com.mx/restaurantes/1923275006","155","Insalata italiana"
"1616630396-246","https://www.rappi.com.mx/restaurantes/category/pizza","Benedetti's","4.5","Benedetti's  4.5  Pizza  33 min  Cargo adicional por servicio ¡90% OFF EN TODO! MÍN. $100 RappiCard","https://www.rappi.com.mx/restaurantes/1306705505","145","Pizza Cochinita Especial"
"1616630353-32","https://www.rappi.com.mx/restaurantes/category/pizza","La Neta Alas y Chelas","null","La Neta Alas y Chelas  Pizza  32 min  Cargo adicional por servicio ¡90% OFF EN TODO! MÍN. $100 RappiCard","https://www.rappi.com.mx/restaurantes/1923251333","40","Delaware Punch 355 ml"
"1616630375-116","https://www.rappi.com.mx/restaurantes/category/pizza","Mi Piace Pizza Qro","null","Mi Piace Pizza Qro  Pizza ,  Italiana  30 min ¡90% OFF EN TODO! MÍN. $100 RappiCard","https://www.rappi.com.mx/restaurantes/1923261931","25","Limón con Hierbabuena (500 Ml)"
"1616630386-221","https://www.rappi.com.mx/restaurantes/category/pizza","Piacere Italiano","null","Piacere Italiano  Pizza ,  Italiana  36 min ¡90% OFF EN TODO! MÍN. $100 RappiCard","https://www.rappi.com.mx/restaurantes/1923275006","80","Insalata di Patate"
"1616630391-242","https://www.rappi.com.mx/restaurantes/category/pizza","Zapata Pizza","4.8","Zapata Pizza  4.8  Pizza  40 min  Cargo adicional por servicio ¡90% OFF EN TODO! MÍN. $100 RappiCard","https://www.rappi.com.mx/restaurantes/1923240339","35","Té de Limón 600 ml"
"1616630386-204","https://www.rappi.com.mx/restaurantes/category/pizza","Piacere Italiano","null","Piacere Italiano  Pizza ,  Italiana  36 min ¡90% OFF EN TODO! MÍN. $100 RappiCard","https://www.rappi.com.mx/restaurantes/1923275006","175","Pizza Capricciosa"
"1616630386-228","https://www.rappi.com.mx/restaurantes/category/pizza","Piacere Italiano","null","Piacere Italiano  Pizza ,  Italiana  36 min ¡90% OFF EN TODO! MÍN. $100 RappiCard","https://www.rappi.com.mx/restaurantes/1923275006","175","Pasta al Pollo Piccante"
"1616630386-205","https://www.rappi.com.mx/restaurantes/category/pizza","Piacere Italiano","null","Piacere Italiano  Pizza ,  Italiana  36 min ¡90% OFF EN TODO! MÍN. $100 RappiCard","https://www.rappi.com.mx/restaurantes/1923275006","165","Pasta Alla Carbonara"
"1616630380-159","https://www.rappi.com.mx/restaurantes/category/pizza","Rock N Pizza Corregidora","null","Rock N Pizza Corregidora  Pizza  32 min  Cargo adicional por servicio ¡90% OFF EN TODO! MÍN. $100 RappiCard","https://www.rappi.com.mx/restaurantes/1923258191","96","Buffalo Chicken"
"1616630353-16","https://www.rappi.com.mx/restaurantes/category/pizza","La Neta Alas y Chelas","null","La Neta Alas y Chelas  Pizza  32 min  Cargo adicional por servicio ¡90% OFF EN TODO! MÍN. $100 RappiCard","https://www.rappi.com.mx/restaurantes/1923251333","185","Hamburguesa 100% Res"
"1616630375-104","https://www.rappi.com.mx/restaurantes/category/pizza","Mi Piace Pizza Qro","null","Mi Piace Pizza Qro  Pizza ,  Italiana  30 min ¡90% OFF EN TODO! MÍN. $100 RappiCard","https://www.rappi.com.mx/restaurantes/1923261931","25","Soda Frutos Rojos"
"1616630386-229","https://www.rappi.com.mx/restaurantes/category/pizza","Piacere Italiano","null","Piacere Italiano  Pizza ,  Italiana  36 min ¡90% OFF EN TODO! MÍN. $100 RappiCard","https://www.rappi.com.mx/restaurantes/1923275006","180","Lasagna alla Bolognese"
"1616630380-183","https://www.rappi.com.mx/restaurantes/category/pizza","Rock N Pizza Corregidora","null","Rock N Pizza Corregidora  Pizza  32 min  Cargo adicional por servicio ¡90% OFF EN TODO! MÍN. $100 RappiCard","https://www.rappi.com.mx/restaurantes/1923258191","30","Limonada"
"1616630353-28","https://www.rappi.com.mx/restaurantes/category/pizza","La Neta Alas y Chelas","null","La Neta Alas y Chelas  Pizza  32 min  Cargo adicional por servicio ¡90% OFF EN TODO! MÍN. $100 RappiCard","https://www.rappi.com.mx/restaurantes/1923251333","145","Jocho con Tocino"
"1616630364-68","https://www.rappi.com.mx/restaurantes/category/pizza","Martinica","null","Martinica  Pizza  31 min  Cargo adicional por servicio ¡90% OFF EN TODO! MÍN. $100 RappiCard","https://www.rappi.com.mx/restaurantes/1923251867","45","Ciel Natural 600 ml"
"1616630386-200","https://www.rappi.com.mx/restaurantes/category/pizza","Piacere Italiano","null","Piacere Italiano  Pizza ,  Italiana  36 min ¡90% OFF EN TODO! MÍN. $100 RappiCard","https://www.rappi.com.mx/restaurantes/1923275006","180","Pizza 4 Stagioni"
"1616630386-224","https://www.rappi.com.mx/restaurantes/category/pizza","Piacere Italiano","null","Piacere Italiano  Pizza ,  Italiana  36 min ¡90% OFF EN TODO! MÍN. $100 RappiCard","https://www.rappi.com.mx/restaurantes/1923275006","80","Insalata Mixta"
"1616630375-85","https://www.rappi.com.mx/restaurantes/category/pizza","Mi Piace Pizza Qro","null","Mi Piace Pizza Qro  Pizza ,  Italiana  30 min ¡90% OFF EN TODO! MÍN. $100 RappiCard","https://www.rappi.com.mx/restaurantes/1923261931",null,"Orden de 3 Empanadas"
"1616630364-62","https://www.rappi.com.mx/restaurantes/category/pizza","Martinica","null","Martinica  Pizza  31 min  Cargo adicional por servicio ¡90% OFF EN TODO! MÍN. $100 RappiCard","https://www.rappi.com.mx/restaurantes/1923251867","223","Pizza 4 Quesos"
"1616630386-188","https://www.rappi.com.mx/restaurantes/category/pizza","Piacere Italiano","null","Piacere Italiano  Pizza ,  Italiana  36 min ¡90% OFF EN TODO! MÍN. $100 RappiCard","https://www.rappi.com.mx/restaurantes/1923275006","170","Carpaccio Di Salmone"
"1616630359-44","https://www.rappi.com.mx/restaurantes/category/pizza","Nápoles Artesanal Pizzería","null","Nápoles Artesanal Pizzería  Pizza  28 min  Cargo adicional por servicio ¡90% OFF EN TODO! MÍN. $100 RappiCard","https://www.rappi.com.mx/restaurantes/1923249129","208","Pizza Calzone"
"1616630396-250","https://www.rappi.com.mx/restaurantes/category/pizza","Benedetti's","4.5","Benedetti's  4.5  Pizza  33 min  Cargo adicional por servicio ¡90% OFF EN TODO! MÍN. $100 RappiCard","https://www.rappi.com.mx/restaurantes/1306705505","145","Pizza Mexicana Especial"
"1616630386-217","https://www.rappi.com.mx/restaurantes/category/pizza","Piacere Italiano","null","Piacere Italiano  Pizza ,  Italiana  36 min ¡90% OFF EN TODO! MÍN. $100 RappiCard","https://www.rappi.com.mx/restaurantes/1923275006","255","Tonno al Sesamo"
"1616630364-57","https://www.rappi.com.mx/restaurantes/category/pizza","Martinica","null","Martinica  Pizza  31 min  Cargo adicional por servicio ¡90% OFF EN TODO! MÍN. $100 RappiCard","https://www.rappi.com.mx/restaurantes/1923251867","194","Pasta Carbonara"
"1616630353-11","https://www.rappi.com.mx/restaurantes/category/pizza","La Neta Alas y Chelas","null","La Neta Alas y Chelas  Pizza  32 min  Cargo adicional por servicio ¡90% OFF EN TODO! MÍN. $100 RappiCard","https://www.rappi.com.mx/restaurantes/1923251333","125","Ensalada de la Casa"
"1616630353-35","https://www.rappi.com.mx/restaurantes/category/pizza","La Neta Alas y Chelas","null","La Neta Alas y Chelas  Pizza  32 min  Cargo adicional por servicio ¡90% OFF EN TODO! MÍN. $100 RappiCard","https://www.rappi.com.mx/restaurantes/1923251333","45","Agua de Sabor"
"1616630375-135","https://www.rappi.com.mx/restaurantes/category/pizza","Mi Piace Pizza Qro","null","Mi Piace Pizza Qro  Pizza ,  Italiana  30 min ¡90% OFF EN TODO! MÍN. $100 RappiCard","https://www.rappi.com.mx/restaurantes/1923261931","25","Fresa Pepino (500 Ml)"
"1616630396-269","https://www.rappi.com.mx/restaurantes/category/pizza","Benedetti's","4.5","Benedetti's  4.5  Pizza  33 min  Cargo adicional por servicio ¡90% OFF EN TODO! MÍN. $100 RappiCard","https://www.rappi.com.mx/restaurantes/1306705505","27","Mirinda Naranja 600 ml"
"1616630375-91","https://www.rappi.com.mx/restaurantes/category/pizza","Mi Piace Pizza Qro","null","Mi Piace Pizza Qro  Pizza ,  Italiana  30 min ¡90% OFF EN TODO! MÍN. $100 RappiCard","https://www.rappi.com.mx/restaurantes/1923261931","100","Penne Rigate All'amatriciana"
"1616630375-109","https://www.rappi.com.mx/restaurantes/category/pizza","Mi Piace Pizza Qro","null","Mi Piace Pizza Qro  Pizza ,  Italiana  30 min ¡90% OFF EN TODO! MÍN. $100 RappiCard","https://www.rappi.com.mx/restaurantes/1923261931","20","Boing Fresa 500 ml"
"1616630353-22","https://www.rappi.com.mx/restaurantes/category/pizza","La Neta Alas y Chelas","null","La Neta Alas y Chelas  Pizza  32 min  Cargo adicional por servicio ¡90% OFF EN TODO! MÍN. $100 RappiCard","https://www.rappi.com.mx/restaurantes/1923251333","445","Costillas X12"
"1616630386-214","https://www.rappi.com.mx/restaurantes/category/pizza","Piacere Italiano","null","Piacere Italiano  Pizza ,  Italiana  36 min ¡90% OFF EN TODO! MÍN. $100 RappiCard","https://www.rappi.com.mx/restaurantes/1923275006","240","Scaloppina di Pollo"
"1616630375-86","https://www.rappi.com.mx/restaurantes/category/pizza","Mi Piace Pizza Qro","null","Mi Piace Pizza Qro  Pizza ,  Italiana  30 min ¡90% OFF EN TODO! MÍN. $100 RappiCard","https://www.rappi.com.mx/restaurantes/1923261931","100","Spaghetti alla Bolognese"
"1616630359-50","https://www.rappi.com.mx/restaurantes/category/pizza","Nápoles Artesanal Pizzería","null","Nápoles Artesanal Pizzería  Pizza  28 min  Cargo adicional por servicio ¡90% OFF EN TODO! MÍN. $100 RappiCard","https://www.rappi.com.mx/restaurantes/1923249129","192","Pizza Manzanita Italiana"
"1616630396-272","https://www.rappi.com.mx/restaurantes/category/pizza","Benedetti's","4.5","Benedetti's  4.5  Pizza  33 min  Cargo adicional por servicio ¡90% OFF EN TODO! MÍN. $100 RappiCard","https://www.rappi.com.mx/restaurantes/1306705505","27","Pepsi 600 ml"
"1616630380-158","https://www.rappi.com.mx/restaurantes/category/pizza","Rock N Pizza Corregidora","null","Rock N Pizza Corregidora  Pizza  32 min  Cargo adicional por servicio ¡90% OFF EN TODO! MÍN. $100 RappiCard","https://www.rappi.com.mx/restaurantes/1923258191","96","Española"
"1616630380-160","https://www.rappi.com.mx/restaurantes/category/pizza","Rock N Pizza Corregidora","null","Rock N Pizza Corregidora  Pizza  32 min  Cargo adicional por servicio ¡90% OFF EN TODO! MÍN. $100 RappiCard","https://www.rappi.com.mx/restaurantes/1923258191","96","Burgerpizza"
"1616630396-261","https://www.rappi.com.mx/restaurantes/category/pizza","Benedetti's","4.5","Benedetti's  4.5  Pizza  33 min  Cargo adicional por servicio ¡90% OFF EN TODO! MÍN. $100 RappiCard","https://www.rappi.com.mx/restaurantes/1306705505","258","Súper Pizza de Carnes Frías Especial"
"1616630396-247","https://www.rappi.com.mx/restaurantes/category/pizza","Benedetti's","4.5","Benedetti's  4.5  Pizza  33 min  Cargo adicional por servicio ¡90% OFF EN TODO! MÍN. $100 RappiCard","https://www.rappi.com.mx/restaurantes/1306705505","145","Pizza Chuleta Delice Especial"
"1616630375-100","https://www.rappi.com.mx/restaurantes/category/pizza","Mi Piace Pizza Qro","null","Mi Piace Pizza Qro  Pizza ,  Italiana  30 min ¡90% OFF EN TODO! MÍN. $100 RappiCard","https://www.rappi.com.mx/restaurantes/1923261931","130","Pizza de Atún y Aceitunas"
"1616630364-64","https://www.rappi.com.mx/restaurantes/category/pizza","Martinica","null","Martinica  Pizza  31 min  Cargo adicional por servicio ¡90% OFF EN TODO! MÍN. $100 RappiCard","https://www.rappi.com.mx/restaurantes/1923251867","45","Coca-Cola Sin Azúcar 500 ml"
"1616630359-46","https://www.rappi.com.mx/restaurantes/category/pizza","Nápoles Artesanal Pizzería","null","Nápoles Artesanal Pizzería  Pizza  28 min  Cargo adicional por servicio ¡90% OFF EN TODO! MÍN. $100 RappiCard","https://www.rappi.com.mx/restaurantes/1923249129","208","Pizza Cochinita Italiana"
"1616630375-147","https://www.rappi.com.mx/restaurantes/category/pizza","Mi Piace Pizza Qro","null","Mi Piace Pizza Qro  Pizza ,  Italiana  30 min ¡90% OFF EN TODO! MÍN. $100 RappiCard","https://www.rappi.com.mx/restaurantes/1923261931",null,"Alfajor"
"1616630359-43","https://www.rappi.com.mx/restaurantes/category/pizza","Nápoles Artesanal Pizzería","null","Nápoles Artesanal Pizzería  Pizza  28 min  Cargo adicional por servicio ¡90% OFF EN TODO! MÍN. $100 RappiCard","https://www.rappi.com.mx/restaurantes/1923249129","146","Pizza Pepperoni"
"1616630369-71","https://www.rappi.com.mx/restaurantes/category/pizza","Patricio´s","null","Patricio´s  Pizza  31 min ¡90% OFF EN TODO! MÍN. $100 RappiCard","https://www.rappi.com.mx/restaurantes/1923297582","20","Sprite 600 ml"
"1616630375-132","https://www.rappi.com.mx/restaurantes/category/pizza","Mi Piace Pizza Qro","null","Mi Piace Pizza Qro  Pizza ,  Italiana  30 min ¡90% OFF EN TODO! MÍN. $100 RappiCard","https://www.rappi.com.mx/restaurantes/1923261931","25","Fresa (500 Ml)"
"1616630359-37","https://www.rappi.com.mx/restaurantes/category/pizza","Nápoles Artesanal Pizzería","null","Nápoles Artesanal Pizzería  Pizza  28 min  Cargo adicional por servicio ¡90% OFF EN TODO! MÍN. $100 RappiCard","https://www.rappi.com.mx/restaurantes/1923249129","146","Pizza Clasica"
"1616630386-215","https://www.rappi.com.mx/restaurantes/category/pizza","Piacere Italiano","null","Piacere Italiano  Pizza ,  Italiana  36 min ¡90% OFF EN TODO! MÍN. $100 RappiCard","https://www.rappi.com.mx/restaurantes/1923275006","330","Medaglioni di Manzo"
"1616630375-136","https://www.rappi.com.mx/restaurantes/category/pizza","Mi Piace Pizza Qro","null","Mi Piace Pizza Qro  Pizza ,  Italiana  30 min ¡90% OFF EN TODO! MÍN. $100 RappiCard","https://www.rappi.com.mx/restaurantes/1923261931","45","Fresa Pepino (1 Litro)"
"1616630375-88","https://www.rappi.com.mx/restaurantes/category/pizza","Mi Piace Pizza Qro","null","Mi Piace Pizza Qro  Pizza ,  Italiana  30 min ¡90% OFF EN TODO! MÍN. $100 RappiCard","https://www.rappi.com.mx/restaurantes/1923261931","100","Fussilli Alle 4 Formaggi"
"1616630380-184","https://www.rappi.com.mx/restaurantes/category/pizza","Rock N Pizza Corregidora","null","Rock N Pizza Corregidora  Pizza  32 min  Cargo adicional por servicio ¡90% OFF EN TODO! MÍN. $100 RappiCard","https://www.rappi.com.mx/restaurantes/1923258191","30","Naranjada"
"1616630386-187","https://www.rappi.com.mx/restaurantes/category/pizza","Piacere Italiano","null","Piacere Italiano  Pizza ,  Italiana  36 min ¡90% OFF EN TODO! MÍN. $100 RappiCard","https://www.rappi.com.mx/restaurantes/1923275006","170","Carpaccio Di Manzo"
"1616630380-167","https://www.rappi.com.mx/restaurantes/category/pizza","Rock N Pizza Corregidora","null","Rock N Pizza Corregidora  Pizza  32 min  Cargo adicional por servicio ¡90% OFF EN TODO! MÍN. $100 RappiCard","https://www.rappi.com.mx/restaurantes/1923258191","96","Blondie"
"1616630380-149","https://www.rappi.com.mx/restaurantes/category/pizza","Rock N Pizza Corregidora","null","Rock N Pizza Corregidora  Pizza  32 min  Cargo adicional por servicio ¡90% OFF EN TODO! MÍN. $100 RappiCard","https://www.rappi.com.mx/restaurantes/1923258191","95","Ensalada Griega"
"1616630396-248","https://www.rappi.com.mx/restaurantes/category/pizza","Benedetti's","4.5","Benedetti's  4.5  Pizza  33 min  Cargo adicional por servicio ¡90% OFF EN TODO! MÍN. $100 RappiCard","https://www.rappi.com.mx/restaurantes/1306705505","145","Pizza Pastor Especial"
"1616630369-76","https://www.rappi.com.mx/restaurantes/category/pizza","Patricio´s","null","Patricio´s  Pizza  31 min ¡90% OFF EN TODO! MÍN. $100 RappiCard","https://www.rappi.com.mx/restaurantes/1923297582","329","Combo 1"
"1616630380-180","https://www.rappi.com.mx/restaurantes/category/pizza","Rock N Pizza Corregidora","null","Rock N Pizza Corregidora  Pizza  32 min  Cargo adicional por servicio ¡90% OFF EN TODO! MÍN. $100 RappiCard","https://www.rappi.com.mx/restaurantes/1923258191","25","Manzanita Sol 355 ml"
"1616630369-78","https://www.rappi.com.mx/restaurantes/category/pizza","Patricio´s","null","Patricio´s  Pizza  31 min ¡90% OFF EN TODO! MÍN. $100 RappiCard","https://www.rappi.com.mx/restaurantes/1923297582","25","Jugo de 500ml"
"1616630369-80","https://www.rappi.com.mx/restaurantes/category/pizza","Patricio´s","null","Patricio´s  Pizza  31 min ¡90% OFF EN TODO! MÍN. $100 RappiCard","https://www.rappi.com.mx/restaurantes/1923297582","35","Jugo Combinado 1L"
"1616630359-47","https://www.rappi.com.mx/restaurantes/category/pizza","Nápoles Artesanal Pizzería","null","Nápoles Artesanal Pizzería  Pizza  28 min  Cargo adicional por servicio ¡90% OFF EN TODO! MÍN. $100 RappiCard","https://www.rappi.com.mx/restaurantes/1923249129","245","Pizza Napoli"
"1616630359-48","https://www.rappi.com.mx/restaurantes/category/pizza","Nápoles Artesanal Pizzería","null","Nápoles Artesanal Pizzería  Pizza  28 min  Cargo adicional por servicio ¡90% OFF EN TODO! MÍN. $100 RappiCard","https://www.rappi.com.mx/restaurantes/1923249129","254","Pizza 4 Quesos"
"1616630386-216","https://www.rappi.com.mx/restaurantes/category/pizza","Piacere Italiano","null","Piacere Italiano  Pizza ,  Italiana  36 min ¡90% OFF EN TODO! MÍN. $100 RappiCard","https://www.rappi.com.mx/restaurantes/1923275006","330","Tagliata di Manzo"
"1616630380-169","https://www.rappi.com.mx/restaurantes/category/pizza","Rock N Pizza Corregidora","null","Rock N Pizza Corregidora  Pizza  32 min  Cargo adicional por servicio ¡90% OFF EN TODO! MÍN. $100 RappiCard","https://www.rappi.com.mx/restaurantes/1923258191","145","Alitas"
"1616630375-102","https://www.rappi.com.mx/restaurantes/category/pizza","Mi Piace Pizza Qro","null","Mi Piace Pizza Qro  Pizza ,  Italiana  30 min ¡90% OFF EN TODO! MÍN. $100 RappiCard","https://www.rappi.com.mx/restaurantes/1923261931","180","Pizza Jamón Serrano"
"1616630375-120","https://www.rappi.com.mx/restaurantes/category/pizza","Mi Piace Pizza Qro","null","Mi Piace Pizza Qro  Pizza ,  Italiana  30 min ¡90% OFF EN TODO! MÍN. $100 RappiCard","https://www.rappi.com.mx/restaurantes/1923261931","25","Piña (500 Ml)"
"1616630380-175","https://www.rappi.com.mx/restaurantes/category/pizza","Rock N Pizza Corregidora","null","Rock N Pizza Corregidora  Pizza  32 min  Cargo adicional por servicio ¡90% OFF EN TODO! MÍN. $100 RappiCard","https://www.rappi.com.mx/restaurantes/1923258191","75","Papas Gajo"
"1616630380-157","https://www.rappi.com.mx/restaurantes/category/pizza","Rock N Pizza Corregidora","null","Rock N Pizza Corregidora  Pizza  32 min  Cargo adicional por servicio ¡90% OFF EN TODO! MÍN. $100 RappiCard","https://www.rappi.com.mx/restaurantes/1923258191","75","Hawaiana"
"1616630386-208","https://www.rappi.com.mx/restaurantes/category/pizza","Piacere Italiano","null","Piacere Italiano  Pizza ,  Italiana  36 min ¡90% OFF EN TODO! MÍN. $100 RappiCard","https://www.rappi.com.mx/restaurantes/1923275006","195","Pasta alle Vongole"
"1616630375-83","https://www.rappi.com.mx/restaurantes/category/pizza","Mi Piace Pizza Qro","null","Mi Piace Pizza Qro  Pizza ,  Italiana  30 min ¡90% OFF EN TODO! MÍN. $100 RappiCard","https://www.rappi.com.mx/restaurantes/1923261931","130","Lasagna Tradicional"
"1616630375-125","https://www.rappi.com.mx/restaurantes/category/pizza","Mi Piace Pizza Qro","null","Mi Piace Pizza Qro  Pizza ,  Italiana  30 min ¡90% OFF EN TODO! MÍN. $100 RappiCard","https://www.rappi.com.mx/restaurantes/1923261931","45","Piña con Naranja (1 Litro)"
"1616630396-257","https://www.rappi.com.mx/restaurantes/category/pizza","Benedetti's","4.5","Benedetti's  4.5  Pizza  33 min  Cargo adicional por servicio ¡90% OFF EN TODO! MÍN. $100 RappiCard","https://www.rappi.com.mx/restaurantes/1306705505","145","Pizza Veracruzana Especial"
"1616630369-69","https://www.rappi.com.mx/restaurantes/category/pizza","Patricio´s","null","Patricio´s  Pizza  31 min ¡90% OFF EN TODO! MÍN. $100 RappiCard","https://www.rappi.com.mx/restaurantes/1923297582","20","Coca-Cola Original 600 ml"
"1616630375-92","https://www.rappi.com.mx/restaurantes/category/pizza","Mi Piace Pizza Qro","null","Mi Piace Pizza Qro  Pizza ,  Italiana  30 min ¡90% OFF EN TODO! MÍN. $100 RappiCard","https://www.rappi.com.mx/restaurantes/1923261931","85","Fetuccinni Alfredo"
"1616630386-207","https://www.rappi.com.mx/restaurantes/category/pizza","Piacere Italiano","null","Piacere Italiano  Pizza ,  Italiana  36 min ¡90% OFF EN TODO! MÍN. $100 RappiCard","https://www.rappi.com.mx/restaurantes/1923275006","175","Pasta alla Bolognese"
"1616630369-74","https://www.rappi.com.mx/restaurantes/category/pizza","Patricio´s","null","Patricio´s  Pizza  31 min ¡90% OFF EN TODO! MÍN. $100 RappiCard","https://www.rappi.com.mx/restaurantes/1923297582","20","Fanta Naranja 600 ml"
