web-scraper-order,web-scraper-start-url,name,rating,name-link,name-link-href,price-food,name-food
"1616638295-7410","https://www.rappi.com.mx/restaurantes/category/pizza","Bastard Pizzas Burgers N Shakes","null","Bastard Pizzas Burgers N Shakes  Pizza  36 min ¡90% OFF EN TODO! MÍN. $100 RappiCard","https://www.rappi.com.mx/restaurantes/1923279289","40","Naranjada"
"1616638217-7260","https://www.rappi.com.mx/restaurantes/category/pizza","El Monchis Snacks & Cheves","null","El Monchis Snacks & Cheves  Pizza  32 min  Cargo adicional por servicio ¡90% OFF EN TODO! MÍN. $100 RappiCard","https://www.rappi.com.mx/restaurantes/1923268739","169","Pizza Hawaiana"
"1616638667-7630","https://www.rappi.com.mx/restaurantes/category/pizza","Tonino´s Pizza","null","Tonino´s Pizza  Pizza ,  Mexicana  37 min ● $40  Cargo adicional por servicio ¡90% OFF EN TODO! MÍN. $100 RappiCard","https://www.rappi.com.mx/restaurantes/1306702090","210","Especial"
"1616638295-7358","https://www.rappi.com.mx/restaurantes/category/pizza","Bastard Pizzas Burgers N Shakes","null","Bastard Pizzas Burgers N Shakes  Pizza  36 min ¡90% OFF EN TODO! MÍN. $100 RappiCard","https://www.rappi.com.mx/restaurantes/1923279289","143","Hamburguesa Clásica"
"1616638246-7310","https://www.rappi.com.mx/restaurantes/category/pizza","Mi Cheve","null","Mi Cheve  Pizza  30 min  Cargo adicional por servicio ¡90% OFF EN TODO! MÍN. $100 RappiCard","https://www.rappi.com.mx/restaurantes/1923264492","95","Palomitas de Pollo"
"1616638726-7740","https://www.rappi.com.mx/restaurantes/category/pizza","Toreto's Pizza","4.6","Toreto's Pizza  4.6  Pizza  33 min  Cargo adicional por servicio ¡90% OFF EN TODO! MÍN. $100 RappiCard","https://www.rappi.com.mx/restaurantes/1923210196","25","Refresco Caballito Mandarina 1.5 Ltrs"
"1616638295-7393","https://www.rappi.com.mx/restaurantes/category/pizza","Bastard Pizzas Burgers N Shakes","null","Bastard Pizzas Burgers N Shakes  Pizza  36 min ¡90% OFF EN TODO! MÍN. $100 RappiCard","https://www.rappi.com.mx/restaurantes/1923279289","44","Coors Light"
"1616638217-7283","https://www.rappi.com.mx/restaurantes/category/pizza","El Monchis Snacks & Cheves","null","El Monchis Snacks & Cheves  Pizza  32 min  Cargo adicional por servicio ¡90% OFF EN TODO! MÍN. $100 RappiCard","https://www.rappi.com.mx/restaurantes/1923268739","35","Xx Lager Lata"
"1616638726-7683","https://www.rappi.com.mx/restaurantes/category/pizza","Toreto's Pizza","4.6","Toreto's Pizza  4.6  Pizza  33 min  Cargo adicional por servicio ¡90% OFF EN TODO! MÍN. $100 RappiCard","https://www.rappi.com.mx/restaurantes/1923210196","159","Pizza Familiar Especialidad Toretos"
"1616638295-7394","https://www.rappi.com.mx/restaurantes/category/pizza","Bastard Pizzas Burgers N Shakes","null","Bastard Pizzas Burgers N Shakes  Pizza  36 min ¡90% OFF EN TODO! MÍN. $100 RappiCard","https://www.rappi.com.mx/restaurantes/1923279289","80","Huapango"
"1616638834-7792","https://www.rappi.com.mx/restaurantes/category/pizza","Smiley´s Pizza Suc Peñaflor","null","Smiley´s Pizza Suc Peñaflor  Pizza  32 min ¡90% OFF EN TODO! MÍN. $100 RappiCard","https://www.rappi.com.mx/restaurantes/1923297758","120","Boneless"
"1616638246-7311","https://www.rappi.com.mx/restaurantes/category/pizza","Mi Cheve","null","Mi Cheve  Pizza  30 min  Cargo adicional por servicio ¡90% OFF EN TODO! MÍN. $100 RappiCard","https://www.rappi.com.mx/restaurantes/1923264492","115","Boneless"
"1616638295-7375","https://www.rappi.com.mx/restaurantes/category/pizza","Bastard Pizzas Burgers N Shakes","null","Bastard Pizzas Burgers N Shakes  Pizza  36 min ¡90% OFF EN TODO! MÍN. $100 RappiCard","https://www.rappi.com.mx/restaurantes/1923279289","90","Shake Cookie Dough"
"1616638295-7385","https://www.rappi.com.mx/restaurantes/category/pizza","Bastard Pizzas Burgers N Shakes","null","Bastard Pizzas Burgers N Shakes  Pizza  36 min ¡90% OFF EN TODO! MÍN. $100 RappiCard","https://www.rappi.com.mx/restaurantes/1923279289","135","Chillie Dog"
"1616638295-7405","https://www.rappi.com.mx/restaurantes/category/pizza","Bastard Pizzas Burgers N Shakes","null","Bastard Pizzas Burgers N Shakes  Pizza  36 min ¡90% OFF EN TODO! MÍN. $100 RappiCard","https://www.rappi.com.mx/restaurantes/1923279289","55","Espresso"
"1616638667-7626","https://www.rappi.com.mx/restaurantes/category/pizza","Tonino´s Pizza","null","Tonino´s Pizza  Pizza ,  Mexicana  37 min ● $40  Cargo adicional por servicio ¡90% OFF EN TODO! MÍN. $100 RappiCard","https://www.rappi.com.mx/restaurantes/1306702090","220","Camarón en Salsa de Ajo"
"1616638246-7319","https://www.rappi.com.mx/restaurantes/category/pizza","Mi Cheve","null","Mi Cheve  Pizza  30 min  Cargo adicional por servicio ¡90% OFF EN TODO! MÍN. $100 RappiCard","https://www.rappi.com.mx/restaurantes/1923264492","139","Pizza Salami Especial"
"1616638246-7308","https://www.rappi.com.mx/restaurantes/category/pizza","Mi Cheve","null","Mi Cheve  Pizza  30 min  Cargo adicional por servicio ¡90% OFF EN TODO! MÍN. $100 RappiCard","https://www.rappi.com.mx/restaurantes/1923264492","110","Jalapeños Rellenos de Queso Philadelphia"
"1616638295-7395","https://www.rappi.com.mx/restaurantes/category/pizza","Bastard Pizzas Burgers N Shakes","null","Bastard Pizzas Burgers N Shakes  Pizza  36 min ¡90% OFF EN TODO! MÍN. $100 RappiCard","https://www.rappi.com.mx/restaurantes/1923279289","75","Vopper"
"1616638246-7300","https://www.rappi.com.mx/restaurantes/category/pizza","Mi Cheve","null","Mi Cheve  Pizza  30 min  Cargo adicional por servicio ¡90% OFF EN TODO! MÍN. $100 RappiCard","https://www.rappi.com.mx/restaurantes/1923264492","199","Combo el Sensacional"
"1616638246-7331","https://www.rappi.com.mx/restaurantes/category/pizza","Mi Cheve","null","Mi Cheve  Pizza  30 min  Cargo adicional por servicio ¡90% OFF EN TODO! MÍN. $100 RappiCard","https://www.rappi.com.mx/restaurantes/1923264492","185","Pizza Salami Especial"
"1616638246-7302","https://www.rappi.com.mx/restaurantes/category/pizza","Mi Cheve","null","Mi Cheve  Pizza  30 min  Cargo adicional por servicio ¡90% OFF EN TODO! MÍN. $100 RappiCard","https://www.rappi.com.mx/restaurantes/1923264492","115","Quesadillas de Bistec"
"1616638246-7318","https://www.rappi.com.mx/restaurantes/category/pizza","Mi Cheve","null","Mi Cheve  Pizza  30 min  Cargo adicional por servicio ¡90% OFF EN TODO! MÍN. $100 RappiCard","https://www.rappi.com.mx/restaurantes/1923264492","38","XX Lager 355 ml"
"1616638667-7657","https://www.rappi.com.mx/restaurantes/category/pizza","Tonino´s Pizza","null","Tonino´s Pizza  Pizza ,  Mexicana  37 min ● $40  Cargo adicional por servicio ¡90% OFF EN TODO! MÍN. $100 RappiCard","https://www.rappi.com.mx/restaurantes/1306702090","99","Licor 43"
"1616638217-7288","https://www.rappi.com.mx/restaurantes/category/pizza","El Monchis Snacks & Cheves","null","El Monchis Snacks & Cheves  Pizza  32 min  Cargo adicional por servicio ¡90% OFF EN TODO! MÍN. $100 RappiCard","https://www.rappi.com.mx/restaurantes/1923268739","110","Micheladas 1l"
"1616638726-7710","https://www.rappi.com.mx/restaurantes/category/pizza","Toreto's Pizza","4.6","Toreto's Pizza  4.6  Pizza  33 min  Cargo adicional por servicio ¡90% OFF EN TODO! MÍN. $100 RappiCard","https://www.rappi.com.mx/restaurantes/1923210196","139","Pizza Grande Hobbs"
"1616638295-7350","https://www.rappi.com.mx/restaurantes/category/pizza","Bastard Pizzas Burgers N Shakes","null","Bastard Pizzas Burgers N Shakes  Pizza  36 min ¡90% OFF EN TODO! MÍN. $100 RappiCard","https://www.rappi.com.mx/restaurantes/1923279289","108","Mozzarella Sticks"
"1616638667-7618","https://www.rappi.com.mx/restaurantes/category/pizza","Tonino´s Pizza","null","Tonino´s Pizza  Pizza ,  Mexicana  37 min ● $40  Cargo adicional por servicio ¡90% OFF EN TODO! MÍN. $100 RappiCard","https://www.rappi.com.mx/restaurantes/1306702090","36","Empanada de Champiñones con Queso"
"1616638726-7701","https://www.rappi.com.mx/restaurantes/category/pizza","Toreto's Pizza","4.6","Toreto's Pizza  4.6  Pizza  33 min  Cargo adicional por servicio ¡90% OFF EN TODO! MÍN. $100 RappiCard","https://www.rappi.com.mx/restaurantes/1923210196","139","Pizza Grande Román Pirs"
"1616638295-7389","https://www.rappi.com.mx/restaurantes/category/pizza","Bastard Pizzas Burgers N Shakes","null","Bastard Pizzas Burgers N Shakes  Pizza  36 min ¡90% OFF EN TODO! MÍN. $100 RappiCard","https://www.rappi.com.mx/restaurantes/1923279289","109","French Munch"
"1616638295-7384","https://www.rappi.com.mx/restaurantes/category/pizza","Bastard Pizzas Burgers N Shakes","null","Bastard Pizzas Burgers N Shakes  Pizza  36 min ¡90% OFF EN TODO! MÍN. $100 RappiCard","https://www.rappi.com.mx/restaurantes/1923279289","90","Smoothie Daima"
"1616638295-7406","https://www.rappi.com.mx/restaurantes/category/pizza","Bastard Pizzas Burgers N Shakes","null","Bastard Pizzas Burgers N Shakes  Pizza  36 min ¡90% OFF EN TODO! MÍN. $100 RappiCard","https://www.rappi.com.mx/restaurantes/1923279289","55","Cappuccino"
"1616638667-7653","https://www.rappi.com.mx/restaurantes/category/pizza","Tonino´s Pizza","null","Tonino´s Pizza  Pizza ,  Mexicana  37 min ● $40  Cargo adicional por servicio ¡90% OFF EN TODO! MÍN. $100 RappiCard","https://www.rappi.com.mx/restaurantes/1306702090","42","Café Americano"
"1616638667-7654","https://www.rappi.com.mx/restaurantes/category/pizza","Tonino´s Pizza","null","Tonino´s Pizza  Pizza ,  Mexicana  37 min ● $40  Cargo adicional por servicio ¡90% OFF EN TODO! MÍN. $100 RappiCard","https://www.rappi.com.mx/restaurantes/1306702090","99","Frangelico"
"1616638246-7296","https://www.rappi.com.mx/restaurantes/category/pizza","Mi Cheve","null","Mi Cheve  Pizza  30 min  Cargo adicional por servicio ¡90% OFF EN TODO! MÍN. $100 RappiCard","https://www.rappi.com.mx/restaurantes/1923264492","93","Hamburguesa de Sirloin"
"1616638295-7377","https://www.rappi.com.mx/restaurantes/category/pizza","Bastard Pizzas Burgers N Shakes","null","Bastard Pizzas Burgers N Shakes  Pizza  36 min ¡90% OFF EN TODO! MÍN. $100 RappiCard","https://www.rappi.com.mx/restaurantes/1923279289","90","Shake Strawberry Cheesecake"
"1616638667-7623","https://www.rappi.com.mx/restaurantes/category/pizza","Tonino´s Pizza","null","Tonino´s Pizza  Pizza ,  Mexicana  37 min ● $40  Cargo adicional por servicio ¡90% OFF EN TODO! MÍN. $100 RappiCard","https://www.rappi.com.mx/restaurantes/1306702090","210","BBQ"
"1616638726-7700","https://www.rappi.com.mx/restaurantes/category/pizza","Toreto's Pizza","4.6","Toreto's Pizza  4.6  Pizza  33 min  Cargo adicional por servicio ¡90% OFF EN TODO! MÍN. $100 RappiCard","https://www.rappi.com.mx/restaurantes/1923210196","119","Pizza Grande con un Ingrediente"
"1616638726-7728","https://www.rappi.com.mx/restaurantes/category/pizza","Toreto's Pizza","4.6","Toreto's Pizza  4.6  Pizza  33 min  Cargo adicional por servicio ¡90% OFF EN TODO! MÍN. $100 RappiCard","https://www.rappi.com.mx/restaurantes/1923210196","110","Pizza Medianal Lan"
"1616638667-7624","https://www.rappi.com.mx/restaurantes/category/pizza","Tonino´s Pizza","null","Tonino´s Pizza  Pizza ,  Mexicana  37 min ● $40  Cargo adicional por servicio ¡90% OFF EN TODO! MÍN. $100 RappiCard","https://www.rappi.com.mx/restaurantes/1306702090","220","Ranchera"
"1616638834-7791","https://www.rappi.com.mx/restaurantes/category/pizza","Smiley´s Pizza Suc Peñaflor","null","Smiley´s Pizza Suc Peñaflor  Pizza  32 min ¡90% OFF EN TODO! MÍN. $100 RappiCard","https://www.rappi.com.mx/restaurantes/1923297758","120","Alitas de Pollo"
"1616638217-7277","https://www.rappi.com.mx/restaurantes/category/pizza","El Monchis Snacks & Cheves","null","El Monchis Snacks & Cheves  Pizza  32 min  Cargo adicional por servicio ¡90% OFF EN TODO! MÍN. $100 RappiCard","https://www.rappi.com.mx/restaurantes/1923268739","39","Sprite Lima-Limón 355 ml"
"1616638667-7617","https://www.rappi.com.mx/restaurantes/category/pizza","Tonino´s Pizza","null","Tonino´s Pizza  Pizza ,  Mexicana  37 min ● $40  Cargo adicional por servicio ¡90% OFF EN TODO! MÍN. $100 RappiCard","https://www.rappi.com.mx/restaurantes/1306702090","36","Empanada de Elote con Queso"
"1616638667-7614","https://www.rappi.com.mx/restaurantes/category/pizza","Tonino´s Pizza","null","Tonino´s Pizza  Pizza ,  Mexicana  37 min ● $40  Cargo adicional por servicio ¡90% OFF EN TODO! MÍN. $100 RappiCard","https://www.rappi.com.mx/restaurantes/1306702090","161","Carpaccio de Res"
"1616638667-7660","https://www.rappi.com.mx/restaurantes/category/pizza","Tonino´s Pizza","null","Tonino´s Pizza  Pizza ,  Mexicana  37 min ● $40  Cargo adicional por servicio ¡90% OFF EN TODO! MÍN. $100 RappiCard","https://www.rappi.com.mx/restaurantes/1306702090","99","Sambuca Vaccari Nero"
"1616638246-7301","https://www.rappi.com.mx/restaurantes/category/pizza","Mi Cheve","null","Mi Cheve  Pizza  30 min  Cargo adicional por servicio ¡90% OFF EN TODO! MÍN. $100 RappiCard","https://www.rappi.com.mx/restaurantes/1923264492","115","Quesadillas de Cecina"
"1616638246-7335","https://www.rappi.com.mx/restaurantes/category/pizza","Mi Cheve","null","Mi Cheve  Pizza  30 min  Cargo adicional por servicio ¡90% OFF EN TODO! MÍN. $100 RappiCard","https://www.rappi.com.mx/restaurantes/1923264492","149","Pizza de Peperoni"
"1616638295-7401","https://www.rappi.com.mx/restaurantes/category/pizza","Bastard Pizzas Burgers N Shakes","null","Bastard Pizzas Burgers N Shakes  Pizza  36 min ¡90% OFF EN TODO! MÍN. $100 RappiCard","https://www.rappi.com.mx/restaurantes/1923279289","799","Centenario"
"1616638726-7692","https://www.rappi.com.mx/restaurantes/category/pizza","Toreto's Pizza","4.6","Toreto's Pizza  4.6  Pizza  33 min  Cargo adicional por servicio ¡90% OFF EN TODO! MÍN. $100 RappiCard","https://www.rappi.com.mx/restaurantes/1923210196","45","Pizza Personal de Pepperoni"
"1616638834-7789","https://www.rappi.com.mx/restaurantes/category/pizza","Smiley´s Pizza Suc Peñaflor","null","Smiley´s Pizza Suc Peñaflor  Pizza  32 min ¡90% OFF EN TODO! MÍN. $100 RappiCard","https://www.rappi.com.mx/restaurantes/1923297758","40","Pepsi 1.5 L"
"1616638246-7333","https://www.rappi.com.mx/restaurantes/category/pizza","Mi Cheve","null","Mi Cheve  Pizza  30 min  Cargo adicional por servicio ¡90% OFF EN TODO! MÍN. $100 RappiCard","https://www.rappi.com.mx/restaurantes/1923264492","185","Pizza Maya"
"1616638295-7396","https://www.rappi.com.mx/restaurantes/category/pizza","Bastard Pizzas Burgers N Shakes","null","Bastard Pizzas Burgers N Shakes  Pizza  36 min ¡90% OFF EN TODO! MÍN. $100 RappiCard","https://www.rappi.com.mx/restaurantes/1923279289","75","Tiny Bastrd"
"1616638295-7359","https://www.rappi.com.mx/restaurantes/category/pizza","Bastard Pizzas Burgers N Shakes","null","Bastard Pizzas Burgers N Shakes  Pizza  36 min ¡90% OFF EN TODO! MÍN. $100 RappiCard","https://www.rappi.com.mx/restaurantes/1923279289","138","Chicken Burger"
"1616638667-7636","https://www.rappi.com.mx/restaurantes/category/pizza","Tonino´s Pizza","null","Tonino´s Pizza  Pizza ,  Mexicana  37 min ● $40  Cargo adicional por servicio ¡90% OFF EN TODO! MÍN. $100 RappiCard","https://www.rappi.com.mx/restaurantes/1306702090","173","Hawaiiana"
"1616638295-7374","https://www.rappi.com.mx/restaurantes/category/pizza","Bastard Pizzas Burgers N Shakes","null","Bastard Pizzas Burgers N Shakes  Pizza  36 min ¡90% OFF EN TODO! MÍN. $100 RappiCard","https://www.rappi.com.mx/restaurantes/1923279289","90","Shake Nutella"
"1616638667-7637","https://www.rappi.com.mx/restaurantes/category/pizza","Tonino´s Pizza","null","Tonino´s Pizza  Pizza ,  Mexicana  37 min ● $40  Cargo adicional por servicio ¡90% OFF EN TODO! MÍN. $100 RappiCard","https://www.rappi.com.mx/restaurantes/1306702090","173","Torero"
"1616638726-7694","https://www.rappi.com.mx/restaurantes/category/pizza","Toreto's Pizza","4.6","Toreto's Pizza  4.6  Pizza  33 min  Cargo adicional por servicio ¡90% OFF EN TODO! MÍN. $100 RappiCard","https://www.rappi.com.mx/restaurantes/1923210196","110","Pizza Mediana Elena"
"1616638726-7688","https://www.rappi.com.mx/restaurantes/category/pizza","Toreto's Pizza","4.6","Toreto's Pizza  4.6  Pizza  33 min  Cargo adicional por servicio ¡90% OFF EN TODO! MÍN. $100 RappiCard","https://www.rappi.com.mx/restaurantes/1923210196","110","Pizza Mediana Brayan"
"1616638726-7705","https://www.rappi.com.mx/restaurantes/category/pizza","Toreto's Pizza","4.6","Toreto's Pizza  4.6  Pizza  33 min  Cargo adicional por servicio ¡90% OFF EN TODO! MÍN. $100 RappiCard","https://www.rappi.com.mx/restaurantes/1923210196","139","Pizza Grande Han"
"1616638726-7751","https://www.rappi.com.mx/restaurantes/category/pizza","Toreto's Pizza","4.6","Toreto's Pizza  4.6  Pizza  33 min  Cargo adicional por servicio ¡90% OFF EN TODO! MÍN. $100 RappiCard","https://www.rappi.com.mx/restaurantes/1923210196","139","Pizza Grande Lan"
"1616638667-7645","https://www.rappi.com.mx/restaurantes/category/pizza","Tonino´s Pizza","null","Tonino´s Pizza  Pizza ,  Mexicana  37 min ● $40  Cargo adicional por servicio ¡90% OFF EN TODO! MÍN. $100 RappiCard","https://www.rappi.com.mx/restaurantes/1306702090","89","Strudel de Manzana"
"1616638726-7693","https://www.rappi.com.mx/restaurantes/category/pizza","Toreto's Pizza","4.6","Toreto's Pizza  4.6  Pizza  33 min  Cargo adicional por servicio ¡90% OFF EN TODO! MÍN. $100 RappiCard","https://www.rappi.com.mx/restaurantes/1923210196","110","Pizza Mediana Mia"
"1616638295-7380","https://www.rappi.com.mx/restaurantes/category/pizza","Bastard Pizzas Burgers N Shakes","null","Bastard Pizzas Burgers N Shakes  Pizza  36 min ¡90% OFF EN TODO! MÍN. $100 RappiCard","https://www.rappi.com.mx/restaurantes/1923279289","113","Shake Carajillo"
"1616638217-7271","https://www.rappi.com.mx/restaurantes/category/pizza","El Monchis Snacks & Cheves","null","El Monchis Snacks & Cheves  Pizza  32 min  Cargo adicional por servicio ¡90% OFF EN TODO! MÍN. $100 RappiCard","https://www.rappi.com.mx/restaurantes/1923268739","91","Papas Gajo"
"1616638726-7743","https://www.rappi.com.mx/restaurantes/category/pizza","Toreto's Pizza","4.6","Toreto's Pizza  4.6  Pizza  33 min  Cargo adicional por servicio ¡90% OFF EN TODO! MÍN. $100 RappiCard","https://www.rappi.com.mx/restaurantes/1923210196","35","Refresco Caballitos Mandarina 2.5 Ltrs"
"1616638246-7306","https://www.rappi.com.mx/restaurantes/category/pizza","Mi Cheve","null","Mi Cheve  Pizza  30 min  Cargo adicional por servicio ¡90% OFF EN TODO! MÍN. $100 RappiCard","https://www.rappi.com.mx/restaurantes/1923264492","115","Nachos de la Casa"
"1616638217-7270","https://www.rappi.com.mx/restaurantes/category/pizza","El Monchis Snacks & Cheves","null","El Monchis Snacks & Cheves  Pizza  32 min  Cargo adicional por servicio ¡90% OFF EN TODO! MÍN. $100 RappiCard","https://www.rappi.com.mx/restaurantes/1923268739","83","Papa a la Francesa"
"1616638667-7628","https://www.rappi.com.mx/restaurantes/category/pizza","Tonino´s Pizza","null","Tonino´s Pizza  Pizza ,  Mexicana  37 min ● $40  Cargo adicional por servicio ¡90% OFF EN TODO! MÍN. $100 RappiCard","https://www.rappi.com.mx/restaurantes/1306702090","210","Calzone"
"1616638246-7325","https://www.rappi.com.mx/restaurantes/category/pizza","Mi Cheve","null","Mi Cheve  Pizza  30 min  Cargo adicional por servicio ¡90% OFF EN TODO! MÍN. $100 RappiCard","https://www.rappi.com.mx/restaurantes/1923264492","115","Pizza Peperoni"
"1616638295-7408","https://www.rappi.com.mx/restaurantes/category/pizza","Bastard Pizzas Burgers N Shakes","null","Bastard Pizzas Burgers N Shakes  Pizza  36 min ¡90% OFF EN TODO! MÍN. $100 RappiCard","https://www.rappi.com.mx/restaurantes/1923279289","31","Agua embotellada"
"1616638295-7402","https://www.rappi.com.mx/restaurantes/category/pizza","Bastard Pizzas Burgers N Shakes","null","Bastard Pizzas Burgers N Shakes  Pizza  36 min ¡90% OFF EN TODO! MÍN. $100 RappiCard","https://www.rappi.com.mx/restaurantes/1923279289","649","Bacardi 750 ml"
"1616638726-7696","https://www.rappi.com.mx/restaurantes/category/pizza","Toreto's Pizza","4.6","Toreto's Pizza  4.6  Pizza  33 min  Cargo adicional por servicio ¡90% OFF EN TODO! MÍN. $100 RappiCard","https://www.rappi.com.mx/restaurantes/1923210196","110","Pizza Mediana Letty"
"1616638295-7399","https://www.rappi.com.mx/restaurantes/category/pizza","Bastard Pizzas Burgers N Shakes","null","Bastard Pizzas Burgers N Shakes  Pizza  36 min ¡90% OFF EN TODO! MÍN. $100 RappiCard","https://www.rappi.com.mx/restaurantes/1923279289","44","Heineken"
"1616638667-7608","https://www.rappi.com.mx/restaurantes/category/pizza","Tonino´s Pizza","null","Tonino´s Pizza  Pizza ,  Mexicana  37 min ● $40  Cargo adicional por servicio ¡90% OFF EN TODO! MÍN. $100 RappiCard","https://www.rappi.com.mx/restaurantes/1306702090","131","Caprese"
"1616638667-7658","https://www.rappi.com.mx/restaurantes/category/pizza","Tonino´s Pizza","null","Tonino´s Pizza  Pizza ,  Mexicana  37 min ● $40  Cargo adicional por servicio ¡90% OFF EN TODO! MÍN. $100 RappiCard","https://www.rappi.com.mx/restaurantes/1306702090","99","Strega"
"1616638726-7678","https://www.rappi.com.mx/restaurantes/category/pizza","Toreto's Pizza","4.6","Toreto's Pizza  4.6  Pizza  33 min  Cargo adicional por servicio ¡90% OFF EN TODO! MÍN. $100 RappiCard","https://www.rappi.com.mx/restaurantes/1923210196","159","Pizza Familiar Román Pirs"
"1616638726-7695","https://www.rappi.com.mx/restaurantes/category/pizza","Toreto's Pizza","4.6","Toreto's Pizza  4.6  Pizza  33 min  Cargo adicional por servicio ¡90% OFF EN TODO! MÍN. $100 RappiCard","https://www.rappi.com.mx/restaurantes/1923210196","110","Pizza Medianal Letty"
"1616638295-7366","https://www.rappi.com.mx/restaurantes/category/pizza","Bastard Pizzas Burgers N Shakes","null","Bastard Pizzas Burgers N Shakes  Pizza  36 min ¡90% OFF EN TODO! MÍN. $100 RappiCard","https://www.rappi.com.mx/restaurantes/1923279289","154","Pizza Brochas"
"1616638726-7733","https://www.rappi.com.mx/restaurantes/category/pizza","Toreto's Pizza","4.6","Toreto's Pizza  4.6  Pizza  33 min  Cargo adicional por servicio ¡90% OFF EN TODO! MÍN. $100 RappiCard","https://www.rappi.com.mx/restaurantes/1923210196","49","Papas a la Francesa Medianas"
"1616638726-7676","https://www.rappi.com.mx/restaurantes/category/pizza","Toreto's Pizza","4.6","Toreto's Pizza  4.6  Pizza  33 min  Cargo adicional por servicio ¡90% OFF EN TODO! MÍN. $100 RappiCard","https://www.rappi.com.mx/restaurantes/1923210196","159","Pizza Familiar Brayan Especial"
"1616638246-7312","https://www.rappi.com.mx/restaurantes/category/pizza","Mi Cheve","null","Mi Cheve  Pizza  30 min  Cargo adicional por servicio ¡90% OFF EN TODO! MÍN. $100 RappiCard","https://www.rappi.com.mx/restaurantes/1923264492","360","Parrillada para 2 Personas"
"1616638726-7716","https://www.rappi.com.mx/restaurantes/category/pizza","Toreto's Pizza","4.6","Toreto's Pizza  4.6  Pizza  33 min  Cargo adicional por servicio ¡90% OFF EN TODO! MÍN. $100 RappiCard","https://www.rappi.com.mx/restaurantes/1923210196","45","Pizza Personal de Brayan"
"1616638246-7327","https://www.rappi.com.mx/restaurantes/category/pizza","Mi Cheve","null","Mi Cheve  Pizza  30 min  Cargo adicional por servicio ¡90% OFF EN TODO! MÍN. $100 RappiCard","https://www.rappi.com.mx/restaurantes/1923264492","115","Pizza de Carnes Frías"
"1616638217-7268","https://www.rappi.com.mx/restaurantes/category/pizza","El Monchis Snacks & Cheves","null","El Monchis Snacks & Cheves  Pizza  32 min  Cargo adicional por servicio ¡90% OFF EN TODO! MÍN. $100 RappiCard","https://www.rappi.com.mx/restaurantes/1923268739","65","Crepa de Durazno"
"1616638726-7725","https://www.rappi.com.mx/restaurantes/category/pizza","Toreto's Pizza","4.6","Toreto's Pizza  4.6  Pizza  33 min  Cargo adicional por servicio ¡90% OFF EN TODO! MÍN. $100 RappiCard","https://www.rappi.com.mx/restaurantes/1923210196","45","Pizza Personal de Jamón y Piña"
"1616638726-7750","https://www.rappi.com.mx/restaurantes/category/pizza","Toreto's Pizza","4.6","Toreto's Pizza  4.6  Pizza  33 min  Cargo adicional por servicio ¡90% OFF EN TODO! MÍN. $100 RappiCard","https://www.rappi.com.mx/restaurantes/1923210196","110","Pizza Mediana de Pepperoni"
"1616638667-7625","https://www.rappi.com.mx/restaurantes/category/pizza","Tonino´s Pizza","null","Tonino´s Pizza  Pizza ,  Mexicana  37 min ● $40  Cargo adicional por servicio ¡90% OFF EN TODO! MÍN. $100 RappiCard","https://www.rappi.com.mx/restaurantes/1306702090","220","Ibérica"
"1616638246-7330","https://www.rappi.com.mx/restaurantes/category/pizza","Mi Cheve","null","Mi Cheve  Pizza  30 min  Cargo adicional por servicio ¡90% OFF EN TODO! MÍN. $100 RappiCard","https://www.rappi.com.mx/restaurantes/1923264492","185","Pizza ""La Callejera"""
"1616638667-7609","https://www.rappi.com.mx/restaurantes/category/pizza","Tonino´s Pizza","null","Tonino´s Pizza  Pizza ,  Mexicana  37 min ● $40  Cargo adicional por servicio ¡90% OFF EN TODO! MÍN. $100 RappiCard","https://www.rappi.com.mx/restaurantes/1306702090","147","Tonino's"
"1616638726-7744","https://www.rappi.com.mx/restaurantes/category/pizza","Toreto's Pizza","4.6","Toreto's Pizza  4.6  Pizza  33 min  Cargo adicional por servicio ¡90% OFF EN TODO! MÍN. $100 RappiCard","https://www.rappi.com.mx/restaurantes/1923210196","25","Refresco Caballitos Fresa 1.5 Ltrs"
"1616638217-7262","https://www.rappi.com.mx/restaurantes/category/pizza","El Monchis Snacks & Cheves","null","El Monchis Snacks & Cheves  Pizza  32 min  Cargo adicional por servicio ¡90% OFF EN TODO! MÍN. $100 RappiCard","https://www.rappi.com.mx/restaurantes/1923268739","195","Pizza Monchis"
"1616638667-7610","https://www.rappi.com.mx/restaurantes/category/pizza","Tonino´s Pizza","null","Tonino´s Pizza  Pizza ,  Mexicana  37 min ● $40  Cargo adicional por servicio ¡90% OFF EN TODO! MÍN. $100 RappiCard","https://www.rappi.com.mx/restaurantes/1306702090","141","Griega Mediterránea"
"1616638295-7388","https://www.rappi.com.mx/restaurantes/category/pizza","Bastard Pizzas Burgers N Shakes","null","Bastard Pizzas Burgers N Shakes  Pizza  36 min ¡90% OFF EN TODO! MÍN. $100 RappiCard","https://www.rappi.com.mx/restaurantes/1923279289","228","BBQ Ribs"
"1616638217-7278","https://www.rappi.com.mx/restaurantes/category/pizza","El Monchis Snacks & Cheves","null","El Monchis Snacks & Cheves  Pizza  32 min  Cargo adicional por servicio ¡90% OFF EN TODO! MÍN. $100 RappiCard","https://www.rappi.com.mx/restaurantes/1923268739","32","Sprite Zero 355 ml"
"1616638726-7726","https://www.rappi.com.mx/restaurantes/category/pizza","Toreto's Pizza","4.6","Toreto's Pizza  4.6  Pizza  33 min  Cargo adicional por servicio ¡90% OFF EN TODO! MÍN. $100 RappiCard","https://www.rappi.com.mx/restaurantes/1923210196","45","Pizza Personal de Salchicha"
"1616638217-7265","https://www.rappi.com.mx/restaurantes/category/pizza","El Monchis Snacks & Cheves","null","El Monchis Snacks & Cheves  Pizza  32 min  Cargo adicional por servicio ¡90% OFF EN TODO! MÍN. $100 RappiCard","https://www.rappi.com.mx/restaurantes/1923268739","494","Arrachera Premium"
"1616638343-7416","https://www.rappi.com.mx/restaurantes/category/pizza","Jalapeno S Pizza Geovillas","null","Jalapeno S Pizza Geovillas  Pizza  28 min ¡90% OFF EN TODO! MÍN. $100 RappiCard","https://www.rappi.com.mx/restaurantes/1923273617","54","Papas en gajo"
"1616638834-7790","https://www.rappi.com.mx/restaurantes/category/pizza","Smiley´s Pizza Suc Peñaflor","null","Smiley´s Pizza Suc Peñaflor  Pizza  32 min ¡90% OFF EN TODO! MÍN. $100 RappiCard","https://www.rappi.com.mx/restaurantes/1923297758","20","Pepsi 355 ml"
"1616638667-7613","https://www.rappi.com.mx/restaurantes/category/pizza","Tonino´s Pizza","null","Tonino´s Pizza  Pizza ,  Mexicana  37 min ● $40  Cargo adicional por servicio ¡90% OFF EN TODO! MÍN. $100 RappiCard","https://www.rappi.com.mx/restaurantes/1306702090","184","Portobello Bello"
"1616638295-7349","https://www.rappi.com.mx/restaurantes/category/pizza","Bastard Pizzas Burgers N Shakes","null","Bastard Pizzas Burgers N Shakes  Pizza  36 min ¡90% OFF EN TODO! MÍN. $100 RappiCard","https://www.rappi.com.mx/restaurantes/1923279289","79","Camote Fries"
"1616638726-7719","https://www.rappi.com.mx/restaurantes/category/pizza","Toreto's Pizza","4.6","Toreto's Pizza  4.6  Pizza  33 min  Cargo adicional por servicio ¡90% OFF EN TODO! MÍN. $100 RappiCard","https://www.rappi.com.mx/restaurantes/1923210196","45","Pizza Personal Letty"
"1616638295-7404","https://www.rappi.com.mx/restaurantes/category/pizza","Bastard Pizzas Burgers N Shakes","null","Bastard Pizzas Burgers N Shakes  Pizza  36 min ¡90% OFF EN TODO! MÍN. $100 RappiCard","https://www.rappi.com.mx/restaurantes/1923279289","410","Vino Rosado"
"1616638726-7730","https://www.rappi.com.mx/restaurantes/category/pizza","Toreto's Pizza","4.6","Toreto's Pizza  4.6  Pizza  33 min  Cargo adicional por servicio ¡90% OFF EN TODO! MÍN. $100 RappiCard","https://www.rappi.com.mx/restaurantes/1923210196","159","Pizza Familiar Gisel"
"1616638295-7368","https://www.rappi.com.mx/restaurantes/category/pizza","Bastard Pizzas Burgers N Shakes","null","Bastard Pizzas Burgers N Shakes  Pizza  36 min ¡90% OFF EN TODO! MÍN. $100 RappiCard","https://www.rappi.com.mx/restaurantes/1923279289","205","Pizza Maresa"
"1616638667-7621","https://www.rappi.com.mx/restaurantes/category/pizza","Tonino´s Pizza","null","Tonino´s Pizza  Pizza ,  Mexicana  37 min ● $40  Cargo adicional por servicio ¡90% OFF EN TODO! MÍN. $100 RappiCard","https://www.rappi.com.mx/restaurantes/1306702090","115","Baguette Tonino's"
"1616638667-7629","https://www.rappi.com.mx/restaurantes/category/pizza","Tonino´s Pizza","null","Tonino´s Pizza  Pizza ,  Mexicana  37 min ● $40  Cargo adicional por servicio ¡90% OFF EN TODO! MÍN. $100 RappiCard","https://www.rappi.com.mx/restaurantes/1306702090","210","Napoletana"
"1616638217-7284","https://www.rappi.com.mx/restaurantes/category/pizza","El Monchis Snacks & Cheves","null","El Monchis Snacks & Cheves  Pizza  32 min  Cargo adicional por servicio ¡90% OFF EN TODO! MÍN. $100 RappiCard","https://www.rappi.com.mx/restaurantes/1923268739","60","Heineken 355 ml"
"1616638726-7722","https://www.rappi.com.mx/restaurantes/category/pizza","Toreto's Pizza","4.6","Toreto's Pizza  4.6  Pizza  33 min  Cargo adicional por servicio ¡90% OFF EN TODO! MÍN. $100 RappiCard","https://www.rappi.com.mx/restaurantes/1923210196","45","Pizza Personal Gisel"
"1616638217-7259","https://www.rappi.com.mx/restaurantes/category/pizza","El Monchis Snacks & Cheves","null","El Monchis Snacks & Cheves  Pizza  32 min  Cargo adicional por servicio ¡90% OFF EN TODO! MÍN. $100 RappiCard","https://www.rappi.com.mx/restaurantes/1923268739","156","Boneless"
"1616638295-7409","https://www.rappi.com.mx/restaurantes/category/pizza","Bastard Pizzas Burgers N Shakes","null","Bastard Pizzas Burgers N Shakes  Pizza  36 min ¡90% OFF EN TODO! MÍN. $100 RappiCard","https://www.rappi.com.mx/restaurantes/1923279289","40","Limonada"
"1616638726-7681","https://www.rappi.com.mx/restaurantes/category/pizza","Toreto's Pizza","4.6","Toreto's Pizza  4.6  Pizza  33 min  Cargo adicional por servicio ¡90% OFF EN TODO! MÍN. $100 RappiCard","https://www.rappi.com.mx/restaurantes/1923210196","159","Pizza Familiar Hobbs"
"1616638295-7379","https://www.rappi.com.mx/restaurantes/category/pizza","Bastard Pizzas Burgers N Shakes","null","Bastard Pizzas Burgers N Shakes  Pizza  36 min ¡90% OFF EN TODO! MÍN. $100 RappiCard","https://www.rappi.com.mx/restaurantes/1923279289","113","Shake Cookies and Cream"
"1616638667-7642","https://www.rappi.com.mx/restaurantes/category/pizza","Tonino´s Pizza","null","Tonino´s Pizza  Pizza ,  Mexicana  37 min ● $40  Cargo adicional por servicio ¡90% OFF EN TODO! MÍN. $100 RappiCard","https://www.rappi.com.mx/restaurantes/1306702090","68","Pay de Queso con Zarzamora"
"1616638726-7675","https://www.rappi.com.mx/restaurantes/category/pizza","Toreto's Pizza","4.6","Toreto's Pizza  4.6  Pizza  33 min  Cargo adicional por servicio ¡90% OFF EN TODO! MÍN. $100 RappiCard","https://www.rappi.com.mx/restaurantes/1923210196","159","Pizza Familiar Han"
"1616638667-7655","https://www.rappi.com.mx/restaurantes/category/pizza","Tonino´s Pizza","null","Tonino´s Pizza  Pizza ,  Mexicana  37 min ● $40  Cargo adicional por servicio ¡90% OFF EN TODO! MÍN. $100 RappiCard","https://www.rappi.com.mx/restaurantes/1306702090","99","Amaretto Disaronno"
"1616638726-7747","https://www.rappi.com.mx/restaurantes/category/pizza","Toreto's Pizza","4.6","Toreto's Pizza  4.6  Pizza  33 min  Cargo adicional por servicio ¡90% OFF EN TODO! MÍN. $100 RappiCard","https://www.rappi.com.mx/restaurantes/1923210196","25","Refresco  Caballitos Limón 1.5Ltrs"
"1616638726-7724","https://www.rappi.com.mx/restaurantes/category/pizza","Toreto's Pizza","4.6","Toreto's Pizza  4.6  Pizza  33 min  Cargo adicional por servicio ¡90% OFF EN TODO! MÍN. $100 RappiCard","https://www.rappi.com.mx/restaurantes/1923210196","45","Pizza Personal Lan"
"1616638726-7721","https://www.rappi.com.mx/restaurantes/category/pizza","Toreto's Pizza","4.6","Toreto's Pizza  4.6  Pizza  33 min  Cargo adicional por servicio ¡90% OFF EN TODO! MÍN. $100 RappiCard","https://www.rappi.com.mx/restaurantes/1923210196","45","Pizza Personal Han"
"1616638217-7282","https://www.rappi.com.mx/restaurantes/category/pizza","El Monchis Snacks & Cheves","null","El Monchis Snacks & Cheves  Pizza  32 min  Cargo adicional por servicio ¡90% OFF EN TODO! MÍN. $100 RappiCard","https://www.rappi.com.mx/restaurantes/1923268739","35","Tecate Light 355 ml"
"1616638726-7729","https://www.rappi.com.mx/restaurantes/category/pizza","Toreto's Pizza","4.6","Toreto's Pizza  4.6  Pizza  33 min  Cargo adicional por servicio ¡90% OFF EN TODO! MÍN. $100 RappiCard","https://www.rappi.com.mx/restaurantes/1923210196","139","Pizza Grande Tej"
"1616638726-7717","https://www.rappi.com.mx/restaurantes/category/pizza","Toreto's Pizza","4.6","Toreto's Pizza  4.6  Pizza  33 min  Cargo adicional por servicio ¡90% OFF EN TODO! MÍN. $100 RappiCard","https://www.rappi.com.mx/restaurantes/1923210196","45","Pizza Personal Mia"
"1616638726-7749","https://www.rappi.com.mx/restaurantes/category/pizza","Toreto's Pizza","4.6","Toreto's Pizza  4.6  Pizza  33 min  Cargo adicional por servicio ¡90% OFF EN TODO! MÍN. $100 RappiCard","https://www.rappi.com.mx/restaurantes/1923210196","110","Pizza Medianal Gisel"
"1616638667-7659","https://www.rappi.com.mx/restaurantes/category/pizza","Tonino´s Pizza","null","Tonino´s Pizza  Pizza ,  Mexicana  37 min ● $40  Cargo adicional por servicio ¡90% OFF EN TODO! MÍN. $100 RappiCard","https://www.rappi.com.mx/restaurantes/1306702090","99","Midori"
"1616638667-7604","https://www.rappi.com.mx/restaurantes/category/pizza","Tonino´s Pizza","null","Tonino´s Pizza  Pizza ,  Mexicana  37 min ● $40  Cargo adicional por servicio ¡90% OFF EN TODO! MÍN. $100 RappiCard","https://www.rappi.com.mx/restaurantes/1306702090","52","Consomé de Pollo"
"1616638217-7269","https://www.rappi.com.mx/restaurantes/category/pizza","El Monchis Snacks & Cheves","null","El Monchis Snacks & Cheves  Pizza  32 min  Cargo adicional por servicio ¡90% OFF EN TODO! MÍN. $100 RappiCard","https://www.rappi.com.mx/restaurantes/1923268739","65","Crepa Navideña"
"1616638246-7298","https://www.rappi.com.mx/restaurantes/category/pizza","Mi Cheve","null","Mi Cheve  Pizza  30 min  Cargo adicional por servicio ¡90% OFF EN TODO! MÍN. $100 RappiCard","https://www.rappi.com.mx/restaurantes/1923264492","199","Combo el de la Casa"
"1616638726-7748","https://www.rappi.com.mx/restaurantes/category/pizza","Toreto's Pizza","4.6","Toreto's Pizza  4.6  Pizza  33 min  Cargo adicional por servicio ¡90% OFF EN TODO! MÍN. $100 RappiCard","https://www.rappi.com.mx/restaurantes/1923210196","45","Pizza Personal Toretos"
"1616638295-7387","https://www.rappi.com.mx/restaurantes/category/pizza","Bastard Pizzas Burgers N Shakes","null","Bastard Pizzas Burgers N Shakes  Pizza  36 min ¡90% OFF EN TODO! MÍN. $100 RappiCard","https://www.rappi.com.mx/restaurantes/1923279289","164","Alitas"
"1616638726-7713","https://www.rappi.com.mx/restaurantes/category/pizza","Toreto's Pizza","4.6","Toreto's Pizza  4.6  Pizza  33 min  Cargo adicional por servicio ¡90% OFF EN TODO! MÍN. $100 RappiCard","https://www.rappi.com.mx/restaurantes/1923210196","139","Pizza Grande de Salchicha"
"1616638246-7328","https://www.rappi.com.mx/restaurantes/category/pizza","Mi Cheve","null","Mi Cheve  Pizza  30 min  Cargo adicional por servicio ¡90% OFF EN TODO! MÍN. $100 RappiCard","https://www.rappi.com.mx/restaurantes/1923264492","115","Pizza de Quesos"
"1616638295-7390","https://www.rappi.com.mx/restaurantes/category/pizza","Bastard Pizzas Burgers N Shakes","null","Bastard Pizzas Burgers N Shakes  Pizza  36 min ¡90% OFF EN TODO! MÍN. $100 RappiCard","https://www.rappi.com.mx/restaurantes/1923279289","102","Chunky Brownie"
"1616638726-7698","https://www.rappi.com.mx/restaurantes/category/pizza","Toreto's Pizza","4.6","Toreto's Pizza  4.6  Pizza  33 min  Cargo adicional por servicio ¡90% OFF EN TODO! MÍN. $100 RappiCard","https://www.rappi.com.mx/restaurantes/1923210196","110","Pizza Mediana de Jamón y Piña"
"1616638217-7285","https://www.rappi.com.mx/restaurantes/category/pizza","El Monchis Snacks & Cheves","null","El Monchis Snacks & Cheves  Pizza  32 min  Cargo adicional por servicio ¡90% OFF EN TODO! MÍN. $100 RappiCard","https://www.rappi.com.mx/restaurantes/1923268739","58","Amstel Ultra 355 ml"
"1616638667-7632","https://www.rappi.com.mx/restaurantes/category/pizza","Tonino´s Pizza","null","Tonino´s Pizza  Pizza ,  Mexicana  37 min ● $40  Cargo adicional por servicio ¡90% OFF EN TODO! MÍN. $100 RappiCard","https://www.rappi.com.mx/restaurantes/1306702090","194","Marguerita"
"1616638295-7357","https://www.rappi.com.mx/restaurantes/category/pizza","Bastard Pizzas Burgers N Shakes","null","Bastard Pizzas Burgers N Shakes  Pizza  36 min ¡90% OFF EN TODO! MÍN. $100 RappiCard","https://www.rappi.com.mx/restaurantes/1923279289","159","Bastard Burger"
"1616638295-7413","https://www.rappi.com.mx/restaurantes/category/pizza","Bastard Pizzas Burgers N Shakes","null","Bastard Pizzas Burgers N Shakes  Pizza  36 min ¡90% OFF EN TODO! MÍN. $100 RappiCard","https://www.rappi.com.mx/restaurantes/1923279289","43","Café americano"
"1616638246-7323","https://www.rappi.com.mx/restaurantes/category/pizza","Mi Cheve","null","Mi Cheve  Pizza  30 min  Cargo adicional por servicio ¡90% OFF EN TODO! MÍN. $100 RappiCard","https://www.rappi.com.mx/restaurantes/1923264492","139","Pizza Tex- Mex"
"1616638667-7648","https://www.rappi.com.mx/restaurantes/category/pizza","Tonino´s Pizza","null","Tonino´s Pizza  Pizza ,  Mexicana  37 min ● $40  Cargo adicional por servicio ¡90% OFF EN TODO! MÍN. $100 RappiCard","https://www.rappi.com.mx/restaurantes/1306702090","42","Expresso"
"1616638726-7685","https://www.rappi.com.mx/restaurantes/category/pizza","Toreto's Pizza","4.6","Toreto's Pizza  4.6  Pizza  33 min  Cargo adicional por servicio ¡90% OFF EN TODO! MÍN. $100 RappiCard","https://www.rappi.com.mx/restaurantes/1923210196","110","Pizza  Mediana Román Pirs"
"1616638246-7309","https://www.rappi.com.mx/restaurantes/category/pizza","Mi Cheve","null","Mi Cheve  Pizza  30 min  Cargo adicional por servicio ¡90% OFF EN TODO! MÍN. $100 RappiCard","https://www.rappi.com.mx/restaurantes/1923264492","75","Papas Mi Cheve"
"1616638295-7353","https://www.rappi.com.mx/restaurantes/category/pizza","Bastard Pizzas Burgers N Shakes","null","Bastard Pizzas Burgers N Shakes  Pizza  36 min ¡90% OFF EN TODO! MÍN. $100 RappiCard","https://www.rappi.com.mx/restaurantes/1923279289","148","Ensalada Caesar"
"1616638246-7299","https://www.rappi.com.mx/restaurantes/category/pizza","Mi Cheve","null","Mi Cheve  Pizza  30 min  Cargo adicional por servicio ¡90% OFF EN TODO! MÍN. $100 RappiCard","https://www.rappi.com.mx/restaurantes/1923264492","199","Combo el Consentido"
"1616638726-7682","https://www.rappi.com.mx/restaurantes/category/pizza","Toreto's Pizza","4.6","Toreto's Pizza  4.6  Pizza  33 min  Cargo adicional por servicio ¡90% OFF EN TODO! MÍN. $100 RappiCard","https://www.rappi.com.mx/restaurantes/1923210196","159","Pizza Familiar Tej"
"1616638295-7363","https://www.rappi.com.mx/restaurantes/category/pizza","Bastard Pizzas Burgers N Shakes","null","Bastard Pizzas Burgers N Shakes  Pizza  36 min ¡90% OFF EN TODO! MÍN. $100 RappiCard","https://www.rappi.com.mx/restaurantes/1923279289","163","Hamburguesa Mr Jack"
"1616638246-7313","https://www.rappi.com.mx/restaurantes/category/pizza","Mi Cheve","null","Mi Cheve  Pizza  30 min  Cargo adicional por servicio ¡90% OFF EN TODO! MÍN. $100 RappiCard","https://www.rappi.com.mx/restaurantes/1923264492","670","Parrillada para 4 Personas"
"1616638217-7286","https://www.rappi.com.mx/restaurantes/category/pizza","El Monchis Snacks & Cheves","null","El Monchis Snacks & Cheves  Pizza  32 min  Cargo adicional por servicio ¡90% OFF EN TODO! MÍN. $100 RappiCard","https://www.rappi.com.mx/restaurantes/1923268739","195","Tecate Light Six Pack 355 ml"
"1616638295-7371","https://www.rappi.com.mx/restaurantes/category/pizza","Bastard Pizzas Burgers N Shakes","null","Bastard Pizzas Burgers N Shakes  Pizza  36 min ¡90% OFF EN TODO! MÍN. $100 RappiCard","https://www.rappi.com.mx/restaurantes/1923279289","136","Pasta 4 Quesos"
"1616638726-7672","https://www.rappi.com.mx/restaurantes/category/pizza","Toreto's Pizza","4.6","Toreto's Pizza  4.6  Pizza  33 min  Cargo adicional por servicio ¡90% OFF EN TODO! MÍN. $100 RappiCard","https://www.rappi.com.mx/restaurantes/1923210196","159","Pizza Familiar Jamón y Piña"
"1616638667-7615","https://www.rappi.com.mx/restaurantes/category/pizza","Tonino´s Pizza","null","Tonino´s Pizza  Pizza ,  Mexicana  37 min ● $40  Cargo adicional por servicio ¡90% OFF EN TODO! MÍN. $100 RappiCard","https://www.rappi.com.mx/restaurantes/1306702090","196","Carpaccio de Salmón"
"1616638726-7671","https://www.rappi.com.mx/restaurantes/category/pizza","Toreto's Pizza","4.6","Toreto's Pizza  4.6  Pizza  33 min  Cargo adicional por servicio ¡90% OFF EN TODO! MÍN. $100 RappiCard","https://www.rappi.com.mx/restaurantes/1923210196","159","Pizza Familiar Brayan"
"1616638373-7442","https://www.rappi.com.mx/restaurantes/category/pizza","null","null","Pizzaburger  Hamburguesas ,  Pizza  29 min ¡90% OFF EN TODO! MÍN. $100 RappiCard","https://www.rappi.com.mx/restaurantes/1923273548","",""
"1616638726-7720","https://www.rappi.com.mx/restaurantes/category/pizza","Toreto's Pizza","4.6","Toreto's Pizza  4.6  Pizza  33 min  Cargo adicional por servicio ¡90% OFF EN TODO! MÍN. $100 RappiCard","https://www.rappi.com.mx/restaurantes/1923210196","45","Pizza Personal Hobbs"
"1616638726-7680","https://www.rappi.com.mx/restaurantes/category/pizza","Toreto's Pizza","4.6","Toreto's Pizza  4.6  Pizza  33 min  Cargo adicional por servicio ¡90% OFF EN TODO! MÍN. $100 RappiCard","https://www.rappi.com.mx/restaurantes/1923210196","159","Pizza Familiar Letty"
"1616638246-7316","https://www.rappi.com.mx/restaurantes/category/pizza","Mi Cheve","null","Mi Cheve  Pizza  30 min  Cargo adicional por servicio ¡90% OFF EN TODO! MÍN. $100 RappiCard","https://www.rappi.com.mx/restaurantes/1923264492","38","Tecate Light 355 ml"
"1616638295-7391","https://www.rappi.com.mx/restaurantes/category/pizza","Bastard Pizzas Burgers N Shakes","null","Bastard Pizzas Burgers N Shakes  Pizza  36 min ¡90% OFF EN TODO! MÍN. $100 RappiCard","https://www.rappi.com.mx/restaurantes/1923279289","79","Ma Donnitas"
"1616638667-7616","https://www.rappi.com.mx/restaurantes/category/pizza","Tonino´s Pizza","null","Tonino´s Pizza  Pizza ,  Mexicana  37 min ● $40  Cargo adicional por servicio ¡90% OFF EN TODO! MÍN. $100 RappiCard","https://www.rappi.com.mx/restaurantes/1306702090","161","Carpaccio de Camarón"
"1616638217-7256","https://www.rappi.com.mx/restaurantes/category/pizza","El Monchis Snacks & Cheves","null","El Monchis Snacks & Cheves  Pizza  32 min  Cargo adicional por servicio ¡90% OFF EN TODO! MÍN. $100 RappiCard","https://www.rappi.com.mx/restaurantes/1923268739","122","Burger Hawaiana"
"1616638726-7691","https://www.rappi.com.mx/restaurantes/category/pizza","Toreto's Pizza","4.6","Toreto's Pizza  4.6  Pizza  33 min  Cargo adicional por servicio ¡90% OFF EN TODO! MÍN. $100 RappiCard","https://www.rappi.com.mx/restaurantes/1923210196","110","Pizza Mediana Hobbs"
"1616638667-7643","https://www.rappi.com.mx/restaurantes/category/pizza","Tonino´s Pizza","null","Tonino´s Pizza  Pizza ,  Mexicana  37 min ● $40  Cargo adicional por servicio ¡90% OFF EN TODO! MÍN. $100 RappiCard","https://www.rappi.com.mx/restaurantes/1306702090","78","Pastel Bailey's"
"1616638667-7619","https://www.rappi.com.mx/restaurantes/category/pizza","Tonino´s Pizza","null","Tonino´s Pizza  Pizza ,  Mexicana  37 min ● $40  Cargo adicional por servicio ¡90% OFF EN TODO! MÍN. $100 RappiCard","https://www.rappi.com.mx/restaurantes/1306702090","36","Empanada de Carne con Aceitunas"
"1616638726-7732","https://www.rappi.com.mx/restaurantes/category/pizza","Toreto's Pizza","4.6","Toreto's Pizza  4.6  Pizza  33 min  Cargo adicional por servicio ¡90% OFF EN TODO! MÍN. $100 RappiCard","https://www.rappi.com.mx/restaurantes/1923210196","265","2 Pizzas Grandes de Especialidad"
"1616638295-7356","https://www.rappi.com.mx/restaurantes/category/pizza","Bastard Pizzas Burgers N Shakes","null","Bastard Pizzas Burgers N Shakes  Pizza  36 min ¡90% OFF EN TODO! MÍN. $100 RappiCard","https://www.rappi.com.mx/restaurantes/1923279289","172","Hamburguesa Roast Beef"
"1616638246-7303","https://www.rappi.com.mx/restaurantes/category/pizza","Mi Cheve","null","Mi Cheve  Pizza  30 min  Cargo adicional por servicio ¡90% OFF EN TODO! MÍN. $100 RappiCard","https://www.rappi.com.mx/restaurantes/1923264492","95","Alambre Individual"
"1616638295-7415","https://www.rappi.com.mx/restaurantes/category/pizza","Bastard Pizzas Burgers N Shakes","null","Bastard Pizzas Burgers N Shakes  Pizza  36 min ¡90% OFF EN TODO! MÍN. $100 RappiCard","https://www.rappi.com.mx/restaurantes/1923279289","80","Red Bull"
"1616638726-7670","https://www.rappi.com.mx/restaurantes/category/pizza","Toreto's Pizza","4.6","Toreto's Pizza  4.6  Pizza  33 min  Cargo adicional por servicio ¡90% OFF EN TODO! MÍN. $100 RappiCard","https://www.rappi.com.mx/restaurantes/1923210196","69","Alitas"
"1616638295-7414","https://www.rappi.com.mx/restaurantes/category/pizza","Bastard Pizzas Burgers N Shakes","null","Bastard Pizzas Burgers N Shakes  Pizza  36 min ¡90% OFF EN TODO! MÍN. $100 RappiCard","https://www.rappi.com.mx/restaurantes/1923279289","69","Boost"
"1616638667-7644","https://www.rappi.com.mx/restaurantes/category/pizza","Tonino´s Pizza","null","Tonino´s Pizza  Pizza ,  Mexicana  37 min ● $40  Cargo adicional por servicio ¡90% OFF EN TODO! MÍN. $100 RappiCard","https://www.rappi.com.mx/restaurantes/1306702090","78","Pastel Doble Chocolate"
"1616638295-7364","https://www.rappi.com.mx/restaurantes/category/pizza","Bastard Pizzas Burgers N Shakes","null","Bastard Pizzas Burgers N Shakes  Pizza  36 min ¡90% OFF EN TODO! MÍN. $100 RappiCard","https://www.rappi.com.mx/restaurantes/1923279289","159","Pizza Burger"
"1616638295-7386","https://www.rappi.com.mx/restaurantes/category/pizza","Bastard Pizzas Burgers N Shakes","null","Bastard Pizzas Burgers N Shakes  Pizza  36 min ¡90% OFF EN TODO! MÍN. $100 RappiCard","https://www.rappi.com.mx/restaurantes/1923279289","182","Boneless Buffalo Wings"
"1616638295-7400","https://www.rappi.com.mx/restaurantes/category/pizza","Bastard Pizzas Burgers N Shakes","null","Bastard Pizzas Burgers N Shakes  Pizza  36 min ¡90% OFF EN TODO! MÍN. $100 RappiCard","https://www.rappi.com.mx/restaurantes/1923279289","54","Amstel Ultra"
"1616638246-7338","https://www.rappi.com.mx/restaurantes/category/pizza","Mi Cheve","null","Mi Cheve  Pizza  30 min  Cargo adicional por servicio ¡90% OFF EN TODO! MÍN. $100 RappiCard","https://www.rappi.com.mx/restaurantes/1923264492","149","Pizza de Quesos"
"1616638726-7706","https://www.rappi.com.mx/restaurantes/category/pizza","Toreto's Pizza","4.6","Toreto's Pizza  4.6  Pizza  33 min  Cargo adicional por servicio ¡90% OFF EN TODO! MÍN. $100 RappiCard","https://www.rappi.com.mx/restaurantes/1923210196","139","Pizza Grande Mia"
"1616638834-7793","https://www.rappi.com.mx/restaurantes/category/pizza","Smiley´s Pizza Suc Peñaflor","null","Smiley´s Pizza Suc Peñaflor  Pizza  32 min ¡90% OFF EN TODO! MÍN. $100 RappiCard","https://www.rappi.com.mx/restaurantes/1923297758","120","Papas Gajo"
"1616638295-7411","https://www.rappi.com.mx/restaurantes/category/pizza","Bastard Pizzas Burgers N Shakes","null","Bastard Pizzas Burgers N Shakes  Pizza  36 min ¡90% OFF EN TODO! MÍN. $100 RappiCard","https://www.rappi.com.mx/restaurantes/1923279289","40","Agua del Día"
"1616638726-7679","https://www.rappi.com.mx/restaurantes/category/pizza","Toreto's Pizza","4.6","Toreto's Pizza  4.6  Pizza  33 min  Cargo adicional por servicio ¡90% OFF EN TODO! MÍN. $100 RappiCard","https://www.rappi.com.mx/restaurantes/1923210196","159","Pizza Familiar Elena"
"1616638246-7314","https://www.rappi.com.mx/restaurantes/category/pizza","Mi Cheve","null","Mi Cheve  Pizza  30 min  Cargo adicional por servicio ¡90% OFF EN TODO! MÍN. $100 RappiCard","https://www.rappi.com.mx/restaurantes/1923264492","99","Micheladas de 1 l"
"1616638564-7563","https://www.rappi.com.mx/restaurantes/category/pizza","null","null","Zapata Pizza  Pizza  48 min  Cargo adicional por servicio ¡90% OFF EN TODO! MÍN. $100 RappiCard","https://www.rappi.com.mx/restaurantes/1923240341","",""
"1616638667-7646","https://www.rappi.com.mx/restaurantes/category/pizza","Tonino´s Pizza","null","Tonino´s Pizza  Pizza ,  Mexicana  37 min ● $40  Cargo adicional por servicio ¡90% OFF EN TODO! MÍN. $100 RappiCard","https://www.rappi.com.mx/restaurantes/1306702090","36","Té"
"1616638246-7332","https://www.rappi.com.mx/restaurantes/category/pizza","Mi Cheve","null","Mi Cheve  Pizza  30 min  Cargo adicional por servicio ¡90% OFF EN TODO! MÍN. $100 RappiCard","https://www.rappi.com.mx/restaurantes/1923264492","185","Pizza Norteña"
"1616638667-7641","https://www.rappi.com.mx/restaurantes/category/pizza","Tonino´s Pizza","null","Tonino´s Pizza  Pizza ,  Mexicana  37 min ● $40  Cargo adicional por servicio ¡90% OFF EN TODO! MÍN. $100 RappiCard","https://www.rappi.com.mx/restaurantes/1306702090","57","Flan Napoletano"
"1616638885-7794","https://www.rappi.com.mx/restaurantes/category/pizza","null","null","Pizzeta  4.4  Pizza  33 min  Cargo adicional por servicio ¡90% OFF EN TODO! MÍN. $100 RappiCard","https://www.rappi.com.mx/restaurantes/1923219282","",""
"1616638726-7690","https://www.rappi.com.mx/restaurantes/category/pizza","Toreto's Pizza","4.6","Toreto's Pizza  4.6  Pizza  33 min  Cargo adicional por servicio ¡90% OFF EN TODO! MÍN. $100 RappiCard","https://www.rappi.com.mx/restaurantes/1923210196","110","Pizza Mediana Tej"
"1616638726-7746","https://www.rappi.com.mx/restaurantes/category/pizza","Toreto's Pizza","4.6","Toreto's Pizza  4.6  Pizza  33 min  Cargo adicional por servicio ¡90% OFF EN TODO! MÍN. $100 RappiCard","https://www.rappi.com.mx/restaurantes/1923210196","25","Refresco  Caballito Piña 1.5 Ltrs"
"1616638295-7376","https://www.rappi.com.mx/restaurantes/category/pizza","Bastard Pizzas Burgers N Shakes","null","Bastard Pizzas Burgers N Shakes  Pizza  36 min ¡90% OFF EN TODO! MÍN. $100 RappiCard","https://www.rappi.com.mx/restaurantes/1923279289","90","Shake Peanut Butter"
"1616638295-7383","https://www.rappi.com.mx/restaurantes/category/pizza","Bastard Pizzas Burgers N Shakes","null","Bastard Pizzas Burgers N Shakes  Pizza  36 min ¡90% OFF EN TODO! MÍN. $100 RappiCard","https://www.rappi.com.mx/restaurantes/1923279289","69","Smoothie Tamarindo"
"1616638295-7361","https://www.rappi.com.mx/restaurantes/category/pizza","Bastard Pizzas Burgers N Shakes","null","Bastard Pizzas Burgers N Shakes  Pizza  36 min ¡90% OFF EN TODO! MÍN. $100 RappiCard","https://www.rappi.com.mx/restaurantes/1923279289","166","Hamburguesa Sea Pleasure"
"1616638667-7651","https://www.rappi.com.mx/restaurantes/category/pizza","Tonino´s Pizza","null","Tonino´s Pizza  Pizza ,  Mexicana  37 min ● $40  Cargo adicional por servicio ¡90% OFF EN TODO! MÍN. $100 RappiCard","https://www.rappi.com.mx/restaurantes/1306702090","84","Café Capuchino con Bailey's"
"1616638217-7258","https://www.rappi.com.mx/restaurantes/category/pizza","El Monchis Snacks & Cheves","null","El Monchis Snacks & Cheves  Pizza  32 min  Cargo adicional por servicio ¡90% OFF EN TODO! MÍN. $100 RappiCard","https://www.rappi.com.mx/restaurantes/1923268739","169","Alitas"
"1616638295-7373","https://www.rappi.com.mx/restaurantes/category/pizza","Bastard Pizzas Burgers N Shakes","null","Bastard Pizzas Burgers N Shakes  Pizza  36 min ¡90% OFF EN TODO! MÍN. $100 RappiCard","https://www.rappi.com.mx/restaurantes/1923279289","143","Lasagna"
"1616638217-7261","https://www.rappi.com.mx/restaurantes/category/pizza","El Monchis Snacks & Cheves","null","El Monchis Snacks & Cheves  Pizza  32 min  Cargo adicional por servicio ¡90% OFF EN TODO! MÍN. $100 RappiCard","https://www.rappi.com.mx/restaurantes/1923268739","169","Pizza Italiana"
"1616638667-7607","https://www.rappi.com.mx/restaurantes/category/pizza","Tonino´s Pizza","null","Tonino´s Pizza  Pizza ,  Mexicana  37 min ● $40  Cargo adicional por servicio ¡90% OFF EN TODO! MÍN. $100 RappiCard","https://www.rappi.com.mx/restaurantes/1306702090","73","Sopa Minestrone"
"1616638295-7378","https://www.rappi.com.mx/restaurantes/category/pizza","Bastard Pizzas Burgers N Shakes","null","Bastard Pizzas Burgers N Shakes  Pizza  36 min ¡90% OFF EN TODO! MÍN. $100 RappiCard","https://www.rappi.com.mx/restaurantes/1923279289","113","Shake Mocha"
"1616638295-7351","https://www.rappi.com.mx/restaurantes/category/pizza","Bastard Pizzas Burgers N Shakes","null","Bastard Pizzas Burgers N Shakes  Pizza  36 min ¡90% OFF EN TODO! MÍN. $100 RappiCard","https://www.rappi.com.mx/restaurantes/1923279289","129","Camarones Roca"
"1616638217-7287","https://www.rappi.com.mx/restaurantes/category/pizza","El Monchis Snacks & Cheves","null","El Monchis Snacks & Cheves  Pizza  32 min  Cargo adicional por servicio ¡90% OFF EN TODO! MÍN. $100 RappiCard","https://www.rappi.com.mx/restaurantes/1923268739","195","XX Lager Six Pack 355 ml"
"1616638667-7605","https://www.rappi.com.mx/restaurantes/category/pizza","Tonino´s Pizza","null","Tonino´s Pizza  Pizza ,  Mexicana  37 min ● $40  Cargo adicional por servicio ¡90% OFF EN TODO! MÍN. $100 RappiCard","https://www.rappi.com.mx/restaurantes/1306702090","57","Sopa Azteca"
"1616638667-7620","https://www.rappi.com.mx/restaurantes/category/pizza","Tonino´s Pizza","null","Tonino´s Pizza  Pizza ,  Mexicana  37 min ● $40  Cargo adicional por servicio ¡90% OFF EN TODO! MÍN. $100 RappiCard","https://www.rappi.com.mx/restaurantes/1306702090","126","Alambre Vegetariano"
"1616638667-7649","https://www.rappi.com.mx/restaurantes/category/pizza","Tonino´s Pizza","null","Tonino´s Pizza  Pizza ,  Mexicana  37 min ● $40  Cargo adicional por servicio ¡90% OFF EN TODO! MÍN. $100 RappiCard","https://www.rappi.com.mx/restaurantes/1306702090","52","Café Capuchino"
"1616638343-7418","https://www.rappi.com.mx/restaurantes/category/pizza","Jalapeno S Pizza Geovillas","null","Jalapeno S Pizza Geovillas  Pizza  28 min ¡90% OFF EN TODO! MÍN. $100 RappiCard","https://www.rappi.com.mx/restaurantes/1923273617","42","Refrescos 2 litros"
"1616638726-7738","https://www.rappi.com.mx/restaurantes/category/pizza","Toreto's Pizza","4.6","Toreto's Pizza  4.6  Pizza  33 min  Cargo adicional por servicio ¡90% OFF EN TODO! MÍN. $100 RappiCard","https://www.rappi.com.mx/restaurantes/1923210196","15","Refresco Sidral Aga 400 ML"
"1616638726-7699","https://www.rappi.com.mx/restaurantes/category/pizza","Toreto's Pizza","4.6","Toreto's Pizza  4.6  Pizza  33 min  Cargo adicional por servicio ¡90% OFF EN TODO! MÍN. $100 RappiCard","https://www.rappi.com.mx/restaurantes/1923210196","110","Pizza Mediana Especialidad Toretos"
"1616638934-7814","https://www.rappi.com.mx/restaurantes/category/pizza","Smiley´s Pizza Suc Begonias","null","Smiley´s Pizza Suc Begonias  Pizza  30 min ¡90% OFF EN TODO! MÍN. $100 RappiCard","https://www.rappi.com.mx/restaurantes/1923298472","",""
"1616638726-7727","https://www.rappi.com.mx/restaurantes/category/pizza","Toreto's Pizza","4.6","Toreto's Pizza  4.6  Pizza  33 min  Cargo adicional por servicio ¡90% OFF EN TODO! MÍN. $100 RappiCard","https://www.rappi.com.mx/restaurantes/1923210196","110","Pizza Mediana de Pepperoni"
"1616638246-7304","https://www.rappi.com.mx/restaurantes/category/pizza","Mi Cheve","null","Mi Cheve  Pizza  30 min  Cargo adicional por servicio ¡90% OFF EN TODO! MÍN. $100 RappiCard","https://www.rappi.com.mx/restaurantes/1923264492","80","Tacos"
"1616638606-7603","https://www.rappi.com.mx/restaurantes/category/pizza","null","null","Cheddars Pizza  Pizza  34 min ¡90% OFF EN TODO! MÍN. $100 RappiCard","https://www.rappi.com.mx/restaurantes/1923251206","",""
"1616638295-7360","https://www.rappi.com.mx/restaurantes/category/pizza","Bastard Pizzas Burgers N Shakes","null","Bastard Pizzas Burgers N Shakes  Pizza  36 min ¡90% OFF EN TODO! MÍN. $100 RappiCard","https://www.rappi.com.mx/restaurantes/1923279289","135","Hamburguesa Zero Meat"
"1616638295-7348","https://www.rappi.com.mx/restaurantes/category/pizza","Bastard Pizzas Burgers N Shakes","null","Bastard Pizzas Burgers N Shakes  Pizza  36 min ¡90% OFF EN TODO! MÍN. $100 RappiCard","https://www.rappi.com.mx/restaurantes/1923279289","86","Munching Fries"
"1616638667-7627","https://www.rappi.com.mx/restaurantes/category/pizza","Tonino´s Pizza","null","Tonino´s Pizza  Pizza ,  Mexicana  37 min ● $40  Cargo adicional por servicio ¡90% OFF EN TODO! MÍN. $100 RappiCard","https://www.rappi.com.mx/restaurantes/1306702090","210","4 Quesos"
"1616638667-7640","https://www.rappi.com.mx/restaurantes/category/pizza","Tonino´s Pizza","null","Tonino´s Pizza  Pizza ,  Mexicana  37 min ● $40  Cargo adicional por servicio ¡90% OFF EN TODO! MÍN. $100 RappiCard","https://www.rappi.com.mx/restaurantes/1306702090","57","Helado de Vainilla"
"1616638726-7709","https://www.rappi.com.mx/restaurantes/category/pizza","Toreto's Pizza","4.6","Toreto's Pizza  4.6  Pizza  33 min  Cargo adicional por servicio ¡90% OFF EN TODO! MÍN. $100 RappiCard","https://www.rappi.com.mx/restaurantes/1923210196","139","Pizza Grande Letty"
"1616638217-7255","https://www.rappi.com.mx/restaurantes/category/pizza","El Monchis Snacks & Cheves","null","El Monchis Snacks & Cheves  Pizza  32 min  Cargo adicional por servicio ¡90% OFF EN TODO! MÍN. $100 RappiCard","https://www.rappi.com.mx/restaurantes/1923268739","122","Burger Clásica"
"1616638667-7631","https://www.rappi.com.mx/restaurantes/category/pizza","Tonino´s Pizza","null","Tonino´s Pizza  Pizza ,  Mexicana  37 min ● $40  Cargo adicional por servicio ¡90% OFF EN TODO! MÍN. $100 RappiCard","https://www.rappi.com.mx/restaurantes/1306702090","220","Calabrese"
"1616638246-7320","https://www.rappi.com.mx/restaurantes/category/pizza","Mi Cheve","null","Mi Cheve  Pizza  30 min  Cargo adicional por servicio ¡90% OFF EN TODO! MÍN. $100 RappiCard","https://www.rappi.com.mx/restaurantes/1923264492","139","Pizza la Callejera"
"1616638726-7674","https://www.rappi.com.mx/restaurantes/category/pizza","Toreto's Pizza","4.6","Toreto's Pizza  4.6  Pizza  33 min  Cargo adicional por servicio ¡90% OFF EN TODO! MÍN. $100 RappiCard","https://www.rappi.com.mx/restaurantes/1923210196","159","Pizza Familiar de Salchicha"
"1616638667-7656","https://www.rappi.com.mx/restaurantes/category/pizza","Tonino´s Pizza","null","Tonino´s Pizza  Pizza ,  Mexicana  37 min ● $40  Cargo adicional por servicio ¡90% OFF EN TODO! MÍN. $100 RappiCard","https://www.rappi.com.mx/restaurantes/1306702090","99","Bailey's"
"1616638295-7403","https://www.rappi.com.mx/restaurantes/category/pizza","Bastard Pizzas Burgers N Shakes","null","Bastard Pizzas Burgers N Shakes  Pizza  36 min ¡90% OFF EN TODO! MÍN. $100 RappiCard","https://www.rappi.com.mx/restaurantes/1923279289","399","Vino Tinto"
"1616638726-7686","https://www.rappi.com.mx/restaurantes/category/pizza","Toreto's Pizza","4.6","Toreto's Pizza  4.6  Pizza  33 min  Cargo adicional por servicio ¡90% OFF EN TODO! MÍN. $100 RappiCard","https://www.rappi.com.mx/restaurantes/1923210196","110","Pizza Mediana de Salchicha"
"1616638667-7638","https://www.rappi.com.mx/restaurantes/category/pizza","Tonino´s Pizza","null","Tonino´s Pizza  Pizza ,  Mexicana  37 min ● $40  Cargo adicional por servicio ¡90% OFF EN TODO! MÍN. $100 RappiCard","https://www.rappi.com.mx/restaurantes/1306702090","173","Pizza con Queso y 1 Ingrediente"
"1616638726-7702","https://www.rappi.com.mx/restaurantes/category/pizza","Toreto's Pizza","4.6","Toreto's Pizza  4.6  Pizza  33 min  Cargo adicional por servicio ¡90% OFF EN TODO! MÍN. $100 RappiCard","https://www.rappi.com.mx/restaurantes/1923210196","139","Pizza Grande Gisel"
"1616638726-7736","https://www.rappi.com.mx/restaurantes/category/pizza","Toreto's Pizza","4.6","Toreto's Pizza  4.6  Pizza  33 min  Cargo adicional por servicio ¡90% OFF EN TODO! MÍN. $100 RappiCard","https://www.rappi.com.mx/restaurantes/1923210196","20","Jugo de Naranja de 2 Ltrs"
"1616638295-7355","https://www.rappi.com.mx/restaurantes/category/pizza","Bastard Pizzas Burgers N Shakes","null","Bastard Pizzas Burgers N Shakes  Pizza  36 min ¡90% OFF EN TODO! MÍN. $100 RappiCard","https://www.rappi.com.mx/restaurantes/1923279289","145","Buddha Bowl"
"1616638726-7735","https://www.rappi.com.mx/restaurantes/category/pizza","Toreto's Pizza","4.6","Toreto's Pizza  4.6  Pizza  33 min  Cargo adicional por servicio ¡90% OFF EN TODO! MÍN. $100 RappiCard","https://www.rappi.com.mx/restaurantes/1923210196","15","Agua 600 ML"
"1616638295-7352","https://www.rappi.com.mx/restaurantes/category/pizza","Bastard Pizzas Burgers N Shakes","null","Bastard Pizzas Burgers N Shakes  Pizza  36 min ¡90% OFF EN TODO! MÍN. $100 RappiCard","https://www.rappi.com.mx/restaurantes/1923279289","148","Ensalada Cobb"
"1616638667-7635","https://www.rappi.com.mx/restaurantes/category/pizza","Tonino´s Pizza","null","Tonino´s Pizza  Pizza ,  Mexicana  37 min ● $40  Cargo adicional por servicio ¡90% OFF EN TODO! MÍN. $100 RappiCard","https://www.rappi.com.mx/restaurantes/1306702090","194","Combinada"
"1616638246-7336","https://www.rappi.com.mx/restaurantes/category/pizza","Mi Cheve","null","Mi Cheve  Pizza  30 min  Cargo adicional por servicio ¡90% OFF EN TODO! MÍN. $100 RappiCard","https://www.rappi.com.mx/restaurantes/1923264492","149","Pizza Hawaiana"
"1616638343-7417","https://www.rappi.com.mx/restaurantes/category/pizza","Jalapeno S Pizza Geovillas","null","Jalapeno S Pizza Geovillas  Pizza  28 min ¡90% OFF EN TODO! MÍN. $100 RappiCard","https://www.rappi.com.mx/restaurantes/1923273617","64","Papas en gajo con queso"
"1616638246-7297","https://www.rappi.com.mx/restaurantes/category/pizza","Mi Cheve","null","Mi Cheve  Pizza  30 min  Cargo adicional por servicio ¡90% OFF EN TODO! MÍN. $100 RappiCard","https://www.rappi.com.mx/restaurantes/1923264492","93","Hamburguesa de Arrachera"
"1616638246-7329","https://www.rappi.com.mx/restaurantes/category/pizza","Mi Cheve","null","Mi Cheve  Pizza  30 min  Cargo adicional por servicio ¡90% OFF EN TODO! MÍN. $100 RappiCard","https://www.rappi.com.mx/restaurantes/1923264492","185","Pizza Wings"
"1616638726-7708","https://www.rappi.com.mx/restaurantes/category/pizza","Toreto's Pizza","4.6","Toreto's Pizza  4.6  Pizza  33 min  Cargo adicional por servicio ¡90% OFF EN TODO! MÍN. $100 RappiCard","https://www.rappi.com.mx/restaurantes/1923210196","139","Pizza Grande Elena"
"1616638667-7606","https://www.rappi.com.mx/restaurantes/category/pizza","Tonino´s Pizza","null","Tonino´s Pizza  Pizza ,  Mexicana  37 min ● $40  Cargo adicional por servicio ¡90% OFF EN TODO! MÍN. $100 RappiCard","https://www.rappi.com.mx/restaurantes/1306702090","57","Caldo Tlalpeño"
"1616638295-7365","https://www.rappi.com.mx/restaurantes/category/pizza","Bastard Pizzas Burgers N Shakes","null","Bastard Pizzas Burgers N Shakes  Pizza  36 min ¡90% OFF EN TODO! MÍN. $100 RappiCard","https://www.rappi.com.mx/restaurantes/1923279289","171","Pizza Pera y Gorgonzola"
"1616638667-7634","https://www.rappi.com.mx/restaurantes/category/pizza","Tonino´s Pizza","null","Tonino´s Pizza  Pizza ,  Mexicana  37 min ● $40  Cargo adicional por servicio ¡90% OFF EN TODO! MÍN. $100 RappiCard","https://www.rappi.com.mx/restaurantes/1306702090","194","Tonino's"
"1616638295-7412","https://www.rappi.com.mx/restaurantes/category/pizza","Bastard Pizzas Burgers N Shakes","null","Bastard Pizzas Burgers N Shakes  Pizza  36 min ¡90% OFF EN TODO! MÍN. $100 RappiCard","https://www.rappi.com.mx/restaurantes/1923279289","31","Refresco"
"1616638295-7369","https://www.rappi.com.mx/restaurantes/category/pizza","Bastard Pizzas Burgers N Shakes","null","Bastard Pizzas Burgers N Shakes  Pizza  36 min ¡90% OFF EN TODO! MÍN. $100 RappiCard","https://www.rappi.com.mx/restaurantes/1923279289","169","Pizza Carnívora"
"1616638295-7354","https://www.rappi.com.mx/restaurantes/category/pizza","Bastard Pizzas Burgers N Shakes","null","Bastard Pizzas Burgers N Shakes  Pizza  36 min ¡90% OFF EN TODO! MÍN. $100 RappiCard","https://www.rappi.com.mx/restaurantes/1923279289","159","Ensalada Bastard"
"1616638726-7697","https://www.rappi.com.mx/restaurantes/category/pizza","Toreto's Pizza","4.6","Toreto's Pizza  4.6  Pizza  33 min  Cargo adicional por servicio ¡90% OFF EN TODO! MÍN. $100 RappiCard","https://www.rappi.com.mx/restaurantes/1923210196","110","Pizza Medianal Gisel"
"1616638217-7289","https://www.rappi.com.mx/restaurantes/category/pizza","El Monchis Snacks & Cheves","null","El Monchis Snacks & Cheves  Pizza  32 min  Cargo adicional por servicio ¡90% OFF EN TODO! MÍN. $100 RappiCard","https://www.rappi.com.mx/restaurantes/1923268739","45","Preparado 1l"
"1616638217-7264","https://www.rappi.com.mx/restaurantes/category/pizza","El Monchis Snacks & Cheves","null","El Monchis Snacks & Cheves  Pizza  32 min  Cargo adicional por servicio ¡90% OFF EN TODO! MÍN. $100 RappiCard","https://www.rappi.com.mx/restaurantes/1923268739","364","Arrachera Clásica"
"1616638217-7276","https://www.rappi.com.mx/restaurantes/category/pizza","El Monchis Snacks & Cheves","null","El Monchis Snacks & Cheves  Pizza  32 min  Cargo adicional por servicio ¡90% OFF EN TODO! MÍN. $100 RappiCard","https://www.rappi.com.mx/restaurantes/1923268739","39","Sidral Mundet Manzana 355 ml"
"1616638726-7677","https://www.rappi.com.mx/restaurantes/category/pizza","Toreto's Pizza","4.6","Toreto's Pizza  4.6  Pizza  33 min  Cargo adicional por servicio ¡90% OFF EN TODO! MÍN. $100 RappiCard","https://www.rappi.com.mx/restaurantes/1923210196","159","Pizza Familiar Mia"
"1616638667-7612","https://www.rappi.com.mx/restaurantes/category/pizza","Tonino´s Pizza","null","Tonino´s Pizza  Pizza ,  Mexicana  37 min ● $40  Cargo adicional por servicio ¡90% OFF EN TODO! MÍN. $100 RappiCard","https://www.rappi.com.mx/restaurantes/1306702090","114","Queso Fresco a la Plancha"
"1616638217-7272","https://www.rappi.com.mx/restaurantes/category/pizza","El Monchis Snacks & Cheves","null","El Monchis Snacks & Cheves  Pizza  32 min  Cargo adicional por servicio ¡90% OFF EN TODO! MÍN. $100 RappiCard","https://www.rappi.com.mx/restaurantes/1923268739","126","Dedos de Queso"
"1616638726-7673","https://www.rappi.com.mx/restaurantes/category/pizza","Toreto's Pizza","4.6","Toreto's Pizza  4.6  Pizza  33 min  Cargo adicional por servicio ¡90% OFF EN TODO! MÍN. $100 RappiCard","https://www.rappi.com.mx/restaurantes/1923210196","159","Pizza Familiar Pepperoni"
"1616638246-7305","https://www.rappi.com.mx/restaurantes/category/pizza","Mi Cheve","null","Mi Cheve  Pizza  30 min  Cargo adicional por servicio ¡90% OFF EN TODO! MÍN. $100 RappiCard","https://www.rappi.com.mx/restaurantes/1923264492","65","Papas a la Francesa"
"1616638295-7367","https://www.rappi.com.mx/restaurantes/category/pizza","Bastard Pizzas Burgers N Shakes","null","Bastard Pizzas Burgers N Shakes  Pizza  36 min ¡90% OFF EN TODO! MÍN. $100 RappiCard","https://www.rappi.com.mx/restaurantes/1923279289","182","Pizza 4 Quesos"
"1616638295-7372","https://www.rappi.com.mx/restaurantes/category/pizza","Bastard Pizzas Burgers N Shakes","null","Bastard Pizzas Burgers N Shakes  Pizza  36 min ¡90% OFF EN TODO! MÍN. $100 RappiCard","https://www.rappi.com.mx/restaurantes/1923279289","171","Pasta de Camarones"
"1616638246-7324","https://www.rappi.com.mx/restaurantes/category/pizza","Mi Cheve","null","Mi Cheve  Pizza  30 min  Cargo adicional por servicio ¡90% OFF EN TODO! MÍN. $100 RappiCard","https://www.rappi.com.mx/restaurantes/1923264492","139","Pizza la Especialidad Wings"
"1616638217-7275","https://www.rappi.com.mx/restaurantes/category/pizza","El Monchis Snacks & Cheves","null","El Monchis Snacks & Cheves  Pizza  32 min  Cargo adicional por servicio ¡90% OFF EN TODO! MÍN. $100 RappiCard","https://www.rappi.com.mx/restaurantes/1923268739","39","Coca-Cola Light 355 ml"
"1616638217-7266","https://www.rappi.com.mx/restaurantes/category/pizza","El Monchis Snacks & Cheves","null","El Monchis Snacks & Cheves  Pizza  32 min  Cargo adicional por servicio ¡90% OFF EN TODO! MÍN. $100 RappiCard","https://www.rappi.com.mx/restaurantes/1923268739","65","Crepa Frutos Rojos"
"1616638217-7281","https://www.rappi.com.mx/restaurantes/category/pizza","El Monchis Snacks & Cheves","null","El Monchis Snacks & Cheves  Pizza  32 min  Cargo adicional por servicio ¡90% OFF EN TODO! MÍN. $100 RappiCard","https://www.rappi.com.mx/restaurantes/1923268739","39","Fresca Toronja 355 ml"
"1616638726-7739","https://www.rappi.com.mx/restaurantes/category/pizza","Toreto's Pizza","4.6","Toreto's Pizza  4.6  Pizza  33 min  Cargo adicional por servicio ¡90% OFF EN TODO! MÍN. $100 RappiCard","https://www.rappi.com.mx/restaurantes/1923210196","25","Refresco Sidral Aga 1.5 Ltrs"
"1616638726-7712","https://www.rappi.com.mx/restaurantes/category/pizza","Toreto's Pizza","4.6","Toreto's Pizza  4.6  Pizza  33 min  Cargo adicional por servicio ¡90% OFF EN TODO! MÍN. $100 RappiCard","https://www.rappi.com.mx/restaurantes/1923210196","139","Pizza Grande Brayan"
"1616638246-7317","https://www.rappi.com.mx/restaurantes/category/pizza","Mi Cheve","null","Mi Cheve  Pizza  30 min  Cargo adicional por servicio ¡90% OFF EN TODO! MÍN. $100 RappiCard","https://www.rappi.com.mx/restaurantes/1923264492","38","Indio 355 ml"
"1616638726-7687","https://www.rappi.com.mx/restaurantes/category/pizza","Toreto's Pizza","4.6","Toreto's Pizza  4.6  Pizza  33 min  Cargo adicional por servicio ¡90% OFF EN TODO! MÍN. $100 RappiCard","https://www.rappi.com.mx/restaurantes/1923210196","110","Pizza Mediana Brayan Especial"
"1616638726-7741","https://www.rappi.com.mx/restaurantes/category/pizza","Toreto's Pizza","4.6","Toreto's Pizza  4.6  Pizza  33 min  Cargo adicional por servicio ¡90% OFF EN TODO! MÍN. $100 RappiCard","https://www.rappi.com.mx/restaurantes/1923210196","25","Refresco Red-Cola 1.5 Ltrs"
"1616638217-7280","https://www.rappi.com.mx/restaurantes/category/pizza","El Monchis Snacks & Cheves","null","El Monchis Snacks & Cheves  Pizza  32 min  Cargo adicional por servicio ¡90% OFF EN TODO! MÍN. $100 RappiCard","https://www.rappi.com.mx/restaurantes/1923268739","39","Ponche Delaware 355 ml"
"1616638217-7274","https://www.rappi.com.mx/restaurantes/category/pizza","El Monchis Snacks & Cheves","null","El Monchis Snacks & Cheves  Pizza  32 min  Cargo adicional por servicio ¡90% OFF EN TODO! MÍN. $100 RappiCard","https://www.rappi.com.mx/restaurantes/1923268739","39","Coca-Cola Original 355 ml"
"1616638217-7273","https://www.rappi.com.mx/restaurantes/category/pizza","El Monchis Snacks & Cheves","null","El Monchis Snacks & Cheves  Pizza  32 min  Cargo adicional por servicio ¡90% OFF EN TODO! MÍN. $100 RappiCard","https://www.rappi.com.mx/restaurantes/1923268739","57","Flautas de Res"
"1616638246-7326","https://www.rappi.com.mx/restaurantes/category/pizza","Mi Cheve","null","Mi Cheve  Pizza  30 min  Cargo adicional por servicio ¡90% OFF EN TODO! MÍN. $100 RappiCard","https://www.rappi.com.mx/restaurantes/1923264492","115","Pizza Hawaiana"
"1616638726-7711","https://www.rappi.com.mx/restaurantes/category/pizza","Toreto's Pizza","4.6","Toreto's Pizza  4.6  Pizza  33 min  Cargo adicional por servicio ¡90% OFF EN TODO! MÍN. $100 RappiCard","https://www.rappi.com.mx/restaurantes/1923210196","139","Pizza Grande Hobbs"
"1616638726-7734","https://www.rappi.com.mx/restaurantes/category/pizza","Toreto's Pizza","4.6","Toreto's Pizza  4.6  Pizza  33 min  Cargo adicional por servicio ¡90% OFF EN TODO! MÍN. $100 RappiCard","https://www.rappi.com.mx/restaurantes/1923210196","65","Papas a la Francesa Grandes"
"1616638726-7684","https://www.rappi.com.mx/restaurantes/category/pizza","Toreto's Pizza","4.6","Toreto's Pizza  4.6  Pizza  33 min  Cargo adicional por servicio ¡90% OFF EN TODO! MÍN. $100 RappiCard","https://www.rappi.com.mx/restaurantes/1923210196","139","Pizza Familiar"
"1616638667-7622","https://www.rappi.com.mx/restaurantes/category/pizza","Tonino´s Pizza","null","Tonino´s Pizza  Pizza ,  Mexicana  37 min ● $40  Cargo adicional por servicio ¡90% OFF EN TODO! MÍN. $100 RappiCard","https://www.rappi.com.mx/restaurantes/1306702090","141","Pizza de Queso"
"1616638726-7715","https://www.rappi.com.mx/restaurantes/category/pizza","Toreto's Pizza","4.6","Toreto's Pizza  4.6  Pizza  33 min  Cargo adicional por servicio ¡90% OFF EN TODO! MÍN. $100 RappiCard","https://www.rappi.com.mx/restaurantes/1923210196","45","Pizza Personal Tej"
"1616638726-7703","https://www.rappi.com.mx/restaurantes/category/pizza","Toreto's Pizza","4.6","Toreto's Pizza  4.6  Pizza  33 min  Cargo adicional por servicio ¡90% OFF EN TODO! MÍN. $100 RappiCard","https://www.rappi.com.mx/restaurantes/1923210196","139","Pizza Grande Brayan Especial"
"1616638726-7707","https://www.rappi.com.mx/restaurantes/category/pizza","Toreto's Pizza","4.6","Toreto's Pizza  4.6  Pizza  33 min  Cargo adicional por servicio ¡90% OFF EN TODO! MÍN. $100 RappiCard","https://www.rappi.com.mx/restaurantes/1923210196","139","Pizza Grande Lan"
"1616638726-7704","https://www.rappi.com.mx/restaurantes/category/pizza","Toreto's Pizza","4.6","Toreto's Pizza  4.6  Pizza  33 min  Cargo adicional por servicio ¡90% OFF EN TODO! MÍN. $100 RappiCard","https://www.rappi.com.mx/restaurantes/1923210196","139","Pizza GrandeToretos"
"1616638726-7742","https://www.rappi.com.mx/restaurantes/category/pizza","Toreto's Pizza","4.6","Toreto's Pizza  4.6  Pizza  33 min  Cargo adicional por servicio ¡90% OFF EN TODO! MÍN. $100 RappiCard","https://www.rappi.com.mx/restaurantes/1923210196","35","Refresco Caballitos Piña 2.5 Ltrs"
"1616638217-7263","https://www.rappi.com.mx/restaurantes/category/pizza","El Monchis Snacks & Cheves","null","El Monchis Snacks & Cheves  Pizza  32 min  Cargo adicional por servicio ¡90% OFF EN TODO! MÍN. $100 RappiCard","https://www.rappi.com.mx/restaurantes/1923268739","26","Taco de Arrachera"
"1616638726-7737","https://www.rappi.com.mx/restaurantes/category/pizza","Toreto's Pizza","4.6","Toreto's Pizza  4.6  Pizza  33 min  Cargo adicional por servicio ¡90% OFF EN TODO! MÍN. $100 RappiCard","https://www.rappi.com.mx/restaurantes/1923210196","15","Refresco Red-Cola 400 ML"
"1616638667-7633","https://www.rappi.com.mx/restaurantes/category/pizza","Tonino´s Pizza","null","Tonino´s Pizza  Pizza ,  Mexicana  37 min ● $40  Cargo adicional por servicio ¡90% OFF EN TODO! MÍN. $100 RappiCard","https://www.rappi.com.mx/restaurantes/1306702090","194","Mexicana"
"1616638295-7398","https://www.rappi.com.mx/restaurantes/category/pizza","Bastard Pizzas Burgers N Shakes","null","Bastard Pizzas Burgers N Shakes  Pizza  36 min ¡90% OFF EN TODO! MÍN. $100 RappiCard","https://www.rappi.com.mx/restaurantes/1923279289","44","Bohemia Clara"
"1616638726-7714","https://www.rappi.com.mx/restaurantes/category/pizza","Toreto's Pizza","4.6","Toreto's Pizza  4.6  Pizza  33 min  Cargo adicional por servicio ¡90% OFF EN TODO! MÍN. $100 RappiCard","https://www.rappi.com.mx/restaurantes/1923210196","139","Pizza Grande de Pepperoni"
"1616638295-7407","https://www.rappi.com.mx/restaurantes/category/pizza","Bastard Pizzas Burgers N Shakes","null","Bastard Pizzas Burgers N Shakes  Pizza  36 min ¡90% OFF EN TODO! MÍN. $100 RappiCard","https://www.rappi.com.mx/restaurantes/1923279289","43","Té Varios"
"1616638726-7723","https://www.rappi.com.mx/restaurantes/category/pizza","Toreto's Pizza","4.6","Toreto's Pizza  4.6  Pizza  33 min  Cargo adicional por servicio ¡90% OFF EN TODO! MÍN. $100 RappiCard","https://www.rappi.com.mx/restaurantes/1923210196","45","Pizza Personal Brayan Especial"
"1616638246-7307","https://www.rappi.com.mx/restaurantes/category/pizza","Mi Cheve","null","Mi Cheve  Pizza  30 min  Cargo adicional por servicio ¡90% OFF EN TODO! MÍN. $100 RappiCard","https://www.rappi.com.mx/restaurantes/1923264492","110","Dedos de Queso"
"1616638246-7315","https://www.rappi.com.mx/restaurantes/category/pizza","Mi Cheve","null","Mi Cheve  Pizza  30 min  Cargo adicional por servicio ¡90% OFF EN TODO! MÍN. $100 RappiCard","https://www.rappi.com.mx/restaurantes/1923264492","38","Carta Blanca 355 ml"
"1616638295-7397","https://www.rappi.com.mx/restaurantes/category/pizza","Bastard Pizzas Burgers N Shakes","null","Bastard Pizzas Burgers N Shakes  Pizza  36 min ¡90% OFF EN TODO! MÍN. $100 RappiCard","https://www.rappi.com.mx/restaurantes/1923279289","75","Ruta 57"
"1616638246-7334","https://www.rappi.com.mx/restaurantes/category/pizza","Mi Cheve","null","Mi Cheve  Pizza  30 min  Cargo adicional por servicio ¡90% OFF EN TODO! MÍN. $100 RappiCard","https://www.rappi.com.mx/restaurantes/1923264492","185","Pizza Tex-mex"
"1616638667-7652","https://www.rappi.com.mx/restaurantes/category/pizza","Tonino´s Pizza","null","Tonino´s Pizza  Pizza ,  Mexicana  37 min ● $40  Cargo adicional por servicio ¡90% OFF EN TODO! MÍN. $100 RappiCard","https://www.rappi.com.mx/restaurantes/1306702090","78","Anis Chinchón Dulce"
"1616638667-7639","https://www.rappi.com.mx/restaurantes/category/pizza","Tonino´s Pizza","null","Tonino´s Pizza  Pizza ,  Mexicana  37 min ● $40  Cargo adicional por servicio ¡90% OFF EN TODO! MÍN. $100 RappiCard","https://www.rappi.com.mx/restaurantes/1306702090","199","Vegetariana"
"1616638726-7731","https://www.rappi.com.mx/restaurantes/category/pizza","Toreto's Pizza","4.6","Toreto's Pizza  4.6  Pizza  33 min  Cargo adicional por servicio ¡90% OFF EN TODO! MÍN. $100 RappiCard","https://www.rappi.com.mx/restaurantes/1923210196","159","Pizza Familiar Lan"
"1616638726-7689","https://www.rappi.com.mx/restaurantes/category/pizza","Toreto's Pizza","4.6","Toreto's Pizza  4.6  Pizza  33 min  Cargo adicional por servicio ¡90% OFF EN TODO! MÍN. $100 RappiCard","https://www.rappi.com.mx/restaurantes/1923210196","110","Pizza Mediana Han"
"1616638246-7337","https://www.rappi.com.mx/restaurantes/category/pizza","Mi Cheve","null","Mi Cheve  Pizza  30 min  Cargo adicional por servicio ¡90% OFF EN TODO! MÍN. $100 RappiCard","https://www.rappi.com.mx/restaurantes/1923264492","149","Pizza de Carnes Frías"
"1616638667-7647","https://www.rappi.com.mx/restaurantes/category/pizza","Tonino´s Pizza","null","Tonino´s Pizza  Pizza ,  Mexicana  37 min ● $40  Cargo adicional por servicio ¡90% OFF EN TODO! MÍN. $100 RappiCard","https://www.rappi.com.mx/restaurantes/1306702090","78","Anis Chinchón Seco"
"1616638295-7370","https://www.rappi.com.mx/restaurantes/category/pizza","Bastard Pizzas Burgers N Shakes","null","Bastard Pizzas Burgers N Shakes  Pizza  36 min ¡90% OFF EN TODO! MÍN. $100 RappiCard","https://www.rappi.com.mx/restaurantes/1923279289","209","Pizza Boneless"
"1616638295-7392","https://www.rappi.com.mx/restaurantes/category/pizza","Bastard Pizzas Burgers N Shakes","null","Bastard Pizzas Burgers N Shakes  Pizza  36 min ¡90% OFF EN TODO! MÍN. $100 RappiCard","https://www.rappi.com.mx/restaurantes/1923279289","109","Baker"
"1616638295-7382","https://www.rappi.com.mx/restaurantes/category/pizza","Bastard Pizzas Burgers N Shakes","null","Bastard Pizzas Burgers N Shakes  Pizza  36 min ¡90% OFF EN TODO! MÍN. $100 RappiCard","https://www.rappi.com.mx/restaurantes/1923279289","69","Smoothie Diablito"
"1616638246-7321","https://www.rappi.com.mx/restaurantes/category/pizza","Mi Cheve","null","Mi Cheve  Pizza  30 min  Cargo adicional por servicio ¡90% OFF EN TODO! MÍN. $100 RappiCard","https://www.rappi.com.mx/restaurantes/1923264492","139","Pizza Norteña"
"1616638217-7267","https://www.rappi.com.mx/restaurantes/category/pizza","El Monchis Snacks & Cheves","null","El Monchis Snacks & Cheves  Pizza  32 min  Cargo adicional por servicio ¡90% OFF EN TODO! MÍN. $100 RappiCard","https://www.rappi.com.mx/restaurantes/1923268739","65","Crepa Cajeta"
"1616638246-7322","https://www.rappi.com.mx/restaurantes/category/pizza","Mi Cheve","null","Mi Cheve  Pizza  30 min  Cargo adicional por servicio ¡90% OFF EN TODO! MÍN. $100 RappiCard","https://www.rappi.com.mx/restaurantes/1923264492","139","Pizza Maya"
"1616638295-7362","https://www.rappi.com.mx/restaurantes/category/pizza","Bastard Pizzas Burgers N Shakes","null","Bastard Pizzas Burgers N Shakes  Pizza  36 min ¡90% OFF EN TODO! MÍN. $100 RappiCard","https://www.rappi.com.mx/restaurantes/1923279289","159","Hamburguesa La Moctezuma"
"1616638217-7279","https://www.rappi.com.mx/restaurantes/category/pizza","El Monchis Snacks & Cheves","null","El Monchis Snacks & Cheves  Pizza  32 min  Cargo adicional por servicio ¡90% OFF EN TODO! MÍN. $100 RappiCard","https://www.rappi.com.mx/restaurantes/1923268739","39","Fanta Naranja 355 ml"
"1616638667-7650","https://www.rappi.com.mx/restaurantes/category/pizza","Tonino´s Pizza","null","Tonino´s Pizza  Pizza ,  Mexicana  37 min ● $40  Cargo adicional por servicio ¡90% OFF EN TODO! MÍN. $100 RappiCard","https://www.rappi.com.mx/restaurantes/1306702090","84","Café Capuchino con Kalhua"
"1616638295-7381","https://www.rappi.com.mx/restaurantes/category/pizza","Bastard Pizzas Burgers N Shakes","null","Bastard Pizzas Burgers N Shakes  Pizza  36 min ¡90% OFF EN TODO! MÍN. $100 RappiCard","https://www.rappi.com.mx/restaurantes/1923279289","79","Smoothie Verde Mango"
"1616638667-7611","https://www.rappi.com.mx/restaurantes/category/pizza","Tonino´s Pizza","null","Tonino´s Pizza  Pizza ,  Mexicana  37 min ● $40  Cargo adicional por servicio ¡90% OFF EN TODO! MÍN. $100 RappiCard","https://www.rappi.com.mx/restaurantes/1306702090","141","Fenili"
"1616638726-7745","https://www.rappi.com.mx/restaurantes/category/pizza","Toreto's Pizza","4.6","Toreto's Pizza  4.6  Pizza  33 min  Cargo adicional por servicio ¡90% OFF EN TODO! MÍN. $100 RappiCard","https://www.rappi.com.mx/restaurantes/1923210196","15","Refresco Squirt 400 ML"
"1616638217-7257","https://www.rappi.com.mx/restaurantes/category/pizza","El Monchis Snacks & Cheves","null","El Monchis Snacks & Cheves  Pizza  32 min  Cargo adicional por servicio ¡90% OFF EN TODO! MÍN. $100 RappiCard","https://www.rappi.com.mx/restaurantes/1923268739","39","Hot Dog"
"1616638726-7718","https://www.rappi.com.mx/restaurantes/category/pizza","Toreto's Pizza","4.6","Toreto's Pizza  4.6  Pizza  33 min  Cargo adicional por servicio ¡90% OFF EN TODO! MÍN. $100 RappiCard","https://www.rappi.com.mx/restaurantes/1923210196","45","Pizza Personal Elena"
